,Anhui,Beijing,Chongqing,Fujian,Gansu,Guangdong,Guangxi,Guizhou,Hainan,Hebei,Heilongjiang,Henan,Hong Kong,Hubei,Hunan,Inner Mongolia,Jiangsu,Jiangxi,Jilin,Liaoning,Macau,Ningxia,Qinghai,Shaanxi,Shandong,Shanghai,Shanxi,Sichuan,Taiwan,Tianjin,Tibet,Xinjiang,Yunnan,Zhejiang
2020-01-22,0,0,0,0,0,0,0,0,0,0,0,0,0,17,0,0,0,0,0,0,0,0,0,0,0,0,0,0,0,0,0,0,0,0
2020-01-23,0,0,0,0,0,0,0,0,0,1,0,0,0,17,0,0,0,0,0,0,0,0,0,0,0,0,0,0,0,0,0,0,0,0
2020-01-24,0,0,0,0,0,0,0,0,0,1,1,0,0,24,0,0,0,0,0,0,0,0,0,0,0,0,0,0,0,0,0,0,0,0
2020-01-25,0,0,0,0,0,0,0,0,0,1,1,0,0,40,0,0,0,0,0,0,0,0,0,0,0,0,0,0,0,0,0,0,0,0
2020-01-26,0,0,0,0,0,0,0,0,0,1,1,1,0,52,0,0,0,0,0,0,0,0,0,0,0,1,0,0,0,0,0,0,0,0
2020-01-27,0,1,0,0,0,0,0,0,1,1,1,1,0,76,0,0,0,0,0,0,0,0,0,0,0,1,0,0,0,0,0,0,0,0
2020-01-28,0,1,0,0,0,0,0,0,1,1,1,1,0,125,0,0,0,0,0,0,0,0,0,0,0,1,0,0,0,0,0,0,0,0
2020-01-29,0,1,0,0,0,0,0,0,1,1,1,2,0,125,0,0,0,0,0,0,0,0,0,0,0,1,0,1,0,0,0,0,0,0
2020-01-30,0,1,0,0,0,0,0,0,1,1,2,2,0,162,0,0,0,0,0,0,0,0,0,0,0,1,0,1,0,0,0,0,0,0
2020-01-31,0,1,0,0,0,0,0,0,1,1,2,2,0,204,0,0,0,0,0,0,0,0,0,0,0,1,0,1,0,0,0,0,0,0
2020-02-01,0,1,1,0,0,0,0,0,1,1,2,2,0,249,0,0,0,0,0,0,0,0,0,0,0,1,0,1,0,0,0,0,0,0
2020-02-02,0,1,2,0,0,0,0,0,1,1,2,2,0,350,0,0,0,0,0,0,0,0,0,0,0,1,0,1,0,0,0,0,0,0
2020-02-03,0,1,2,0,0,0,0,0,1,1,2,2,0,414,0,0,0,0,0,0,0,0,0,0,0,1,0,1,0,0,0,0,0,0
2020-02-04,0,1,2,0,0,0,0,0,1,1,2,2,1,479,0,0,0,0,0,0,0,0,0,0,0,1,0,1,0,0,0,0,0,0
2020-02-05,0,1,2,0,0,0,0,1,1,1,2,2,1,549,0,0,0,0,0,0,0,0,0,0,0,1,0,1,0,1,0,0,0,0
2020-02-06,0,1,2,0,0,0,0,1,1,1,3,2,1,618,0,0,0,0,0,0,0,0,0,0,0,1,0,1,0,1,0,0,0,0
2020-02-07,0,1,2,0,0,1,0,1,2,1,3,3,1,699,0,0,0,0,1,0,0,0,0,0,0,1,0,1,0,1,0,0,0,0
2020-02-08,0,2,2,0,1,1,0,1,2,1,5,4,1,780,1,0,0,0,1,0,0,0,0,0,0,1,0,1,0,1,0,0,0,0
2020-02-09,1,2,2,0,2,1,1,1,3,2,6,6,1,871,1,0,0,0,1,0,0,0,0,0,1,1,0,1,0,1,0,0,0,0
2020-02-10,3,2,2,0,2,1,1,1,3,2,7,6,1,974,1,0,0,1,1,0,0,0,0,0,1,1,0,1,0,1,0,0,0,0
2020-02-11,4,3,3,0,2,1,1,1,3,2,8,7,1,1068,1,0,0,1,1,0,0,0,0,0,1,1,0,1,0,2,0,0,0,0
2020-02-12,4,3,3,0,2,1,1,1,4,2,8,8,1,1068,2,0,0,1,1,1,0,0,0,0,2,1,0,1,0,2,0,0,0,0
2020-02-13,5,3,4,0,2,2,2,1,4,3,9,10,1,1310,2,0,0,1,1,1,0,0,0,0,2,1,0,1,0,3,0,1,0,0
2020-02-14,6,3,5,0,2,2,2,1,4,3,11,11,1,1457,2,0,0,1,1,1,0,0,0,0,2,1,0,1,0,3,0,1,0,0
2020-02-15,6,4,5,0,2,2,2,1,4,3,11,13,1,1596,2,0,0,1,1,1,0,0,0,0,2,1,0,1,0,3,0,1,0,0
2020-02-16,6,4,5,0,2,2,2,1,4,3,11,13,1,1696,3,0,0,1,1,1,0,0,0,0,2,1,0,3,1,3,0,1,0,0
2020-02-17,6,4,5,0,2,4,2,1,4,3,11,16,1,1789,3,0,0,1,1,1,0,0,0,0,2,1,0,3,1,3,0,1,0,0
2020-02-18,6,4,5,0,2,4,2,2,4,4,11,19,1,1921,4,0,0,1,1,1,0,0,0,0,3,1,0,3,1,3,0,1,0,0
2020-02-19,6,4,5,0,2,5,2,2,4,4,12,19,2,2029,4,0,0,1,1,1,0,0,0,0,3,2,0,3,1,3,0,1,1,0
2020-02-20,6,4,6,1,2,5,2,2,4,5,12,19,2,2144,4,0,0,1,1,1,0,0,0,1,4,2,0,3,1,3,0,1,2,1
2020-02-21,6,4,6,1,2,5,2,2,4,5,12,19,2,2144,4,0,0,1,1,1,0,0,0,1,4,2,0,3,1,3,0,1,2,1
2020-02-22,6,4,6,1,2,5,2,2,4,6,12,19,2,2346,4,0,0,1,1,1,0,0,0,1,4,3,0,3,1,3,0,2,2,1
2020-02-23,6,4,6,1,2,6,2,2,5,6,12,19,2,2346,4,0,0,1,1,1,0,0,0,1,4,3,0,3,1,3,0,2,2,1
2020-02-24,6,4,6,1,2,6,2,2,5,6,12,19,2,2495,4,0,0,1,1,1,0,0,0,1,5,3,0,3,1,3,0,2,2,1
2020-02-25,6,4,6,1,2,7,2,2,5,6,12,19,2,2563,4,0,0,1,1,1,0,0,0,1,6,3,0,3,1,3,0,2,2,1
2020-02-26,6,4,6,1,2,7,2,2,5,6,12,19,2,2615,4,0,0,1,1,1,0,0,0,1,6,3,0,3,1,3,0,2,2,1
2020-02-27,6,5,6,1,2,7,2,2,5,6,13,20,2,2641,4,0,0,1,1,1,0,0,0,1,6,3,0,3,1,3,0,2,2,1
2020-02-28,6,7,6,1,2,7,2,2,5,6,13,20,2,2682,4,0,0,1,1,1,0,0,0,1,6,3,0,3,1,3,0,3,2,1
2020-02-29,6,8,6,1,2,7,2,2,5,6,13,21,2,2727,4,0,0,1,1,1,0,0,0,1,6,3,0,3,1,3,0,3,2,1
2020-03-01,6,8,6,1,2,7,2,2,5,6,13,22,2,2761,4,0,0,1,1,1,0,0,0,1,6,3,0,3,1,3,0,3,2,1
2020-03-02,6,8,6,1,2,7,2,2,5,6,13,22,2,2803,4,0,0,1,1,1,0,0,0,1,6,3,0,3,1,3,0,3,2,1
2020-03-03,6,8,6,1,2,7,2,2,5,6,13,22,2,2835,4,1,0,1,1,1,0,0,0,1,6,3,0,3,1,3,0,3,2,1
2020-03-04,6,8,6,1,2,7,2,2,5,6,13,22,2,2871,4,1,0,1,1,1,0,0,0,1,6,3,0,3,1,3,0,3,2,1
2020-03-05,6,8,6,1,2,7,2,2,6,6,13,22,2,2902,4,1,0,1,1,1,0,0,0,1,6,3,0,3,1,3,0,3,2,1
2020-03-06,6,8,6,1,2,7,2,2,6,6,13,22,2,2931,4,1,0,1,1,1,0,0,0,1,6,3,0,3,1,3,0,3,2,1
2020-03-07,6,8,6,1,2,7,2,2,6,6,13,22,2,2959,4,1,0,1,1,1,0,0,0,1,6,3,0,3,1,3,0,3,2,1
2020-03-08,6,8,6,1,2,7,2,2,6,6,13,22,3,2986,4,1,0,1,1,1,0,0,0,1,6,3,0,3,1,3,0,3,2,1
2020-03-09,6,8,6,1,2,8,2,2,6,6,13,22,3,3008,4,1,0,1,1,1,0,0,0,1,6,3,0,3,1,3,0,3,2,1
2020-03-10,6,8,6,1,2,8,2,2,6,6,13,22,3,3024,4,1,0,1,1,1,0,0,0,1,6,3,0,3,1,3,0,3,2,1
2020-03-11,6,8,6,1,2,8,2,2,6,6,13,22,3,3046,4,1,0,1,1,1,0,0,0,1,6,3,0,3,1,3,0,3,2,1
2020-03-12,6,8,6,1,2,8,2,2,6,6,13,22,3,3056,4,1,0,1,1,1,0,0,0,2,6,3,0,3,1,3,0,3,2,1
2020-03-13,6,8,6,1,2,8,2,2,6,6,13,22,4,3062,4,1,0,1,1,1,0,0,0,2,7,3,0,3,1,3,0,3,2,1
2020-03-14,6,8,6,1,2,8,2,2,6,6,13,22,4,3075,4,1,0,1,1,1,0,0,0,2,7,3,0,3,1,3,0,3,2,1
2020-03-15,6,8,6,1,2,8,2,2,6,6,13,22,4,3085,4,1,0,1,1,1,0,0,0,2,7,3,0,3,1,3,0,3,2,1
2020-03-16,6,8,6,1,2,8,2,2,6,6,13,22,4,3099,4,1,0,1,1,1,0,0,0,2,7,3,0,3,1,3,0,3,2,1
2020-03-17,6,8,6,1,2,8,2,2,6,6,13,22,4,3111,4,1,0,1,1,1,0,0,0,3,7,3,0,3,1,3,0,3,2,1
2020-03-18,6,8,6,1,2,8,2,2,6,6,13,22,4,3122,4,1,0,1,1,1,0,0,0,3,7,3,0,3,1,3,0,3,2,1
2020-03-19,6,8,6,1,2,8,2,2,6,6,13,22,4,3130,4,1,0,1,1,1,0,0,0,3,7,3,0,3,1,3,0,3,2,1
2020-03-20,6,8,6,1,2,8,2,2,6,6,13,22,4,3133,4,1,0,1,1,2,0,0,0,3,7,3,0,3,2,3,0,3,2,1
2020-03-21,6,8,6,1,2,8,2,2,6,6,13,22,4,3139,4,1,0,1,1,2,0,0,0,3,7,3,0,3,2,3,0,3,2,1
2020-03-22,6,8,6,1,2,8,2,2,6,6,13,22,4,3153,4,1,0,1,1,2,0,0,0,3,7,4,0,3,2,3,0,3,2,1
2020-03-23,6,8,6,1,2,8,2,2,6,6,13,22,4,3153,4,1,0,1,1,2,0,0,0,3,7,4,0,3,2,3,0,3,2,1
2020-03-24,6,8,6,1,2,8,2,2,6,6,13,22,4,3160,4,1,0,1,1,2,0,0,0,3,7,4,0,3,2,3,0,3,2,1
2020-03-25,6,8,6,1,2,8,2,2,6,6,13,22,4,3163,4,1,0,1,1,2,0,0,0,3,7,5,0,3,2,3,0,3,2,1
2020-03-26,6,8,6,1,2,8,2,2,6,6,13,22,4,3169,4,1,0,1,1,2,0,0,0,3,7,5,0,3,2,3,0,3,2,1
2020-03-27,6,8,6,1,2,8,2,2,6,6,13,22,4,3174,4,1,0,1,1,2,0,0,0,3,7,5,0,3,2,3,0,3,2,1
2020-03-28,6,8,6,1,2,8,2,2,6,6,13,22,4,3177,4,1,0,1,1,2,0,0,0,3,7,5,0,3,2,3,0,3,2,1
2020-03-29,6,8,6,1,2,8,2,2,6,6,13,22,4,3182,4,1,0,1,1,2,0,0,0,3,7,5,0,3,2,3,0,3,2,1
2020-03-30,6,8,6,1,2,8,2,2,6,6,13,22,4,3186,4,1,0,1,1,2,0,0,0,3,7,5,0,3,5,3,0,3,2,1
2020-03-31,6,8,6,1,2,8,2,2,6,6,13,22,4,3187,4,1,0,1,1,2,0,0,0,3,7,5,0,3,5,3,0,3,2,1
2020-04-01,6,8,6,1,2,8,2,2,6,6,13,22,4,3193,4,1,0,1,1,2,0,0,0,3,7,6,0,3,5,3,0,3,2,1
2020-04-02,6,8,6,1,2,8,2,2,6,6,13,22,4,3199,4,1,0,1,1,2,0,0,0,3,7,6,0,3,5,3,0,3,2,1
2020-04-03,6,8,6,1,2,8,2,2,6,6,13,22,4,3203,4,1,0,1,1,2,0,0,0,3,7,6,0,3,5,3,0,3,2,1
2020-04-04,6,8,6,1,2,8,2,2,6,6,13,22,4,3207,4,1,0,1,1,2,0,0,0,3,7,6,0,3,5,3,0,3,2,1
2020-04-05,6,8,6,1,2,8,2,2,6,6,13,22,4,3210,4,1,0,1,1,2,0,0,0,3,7,6,0,3,5,3,0,3,2,1
2020-04-06,6,8,6,1,2,8,2,2,6,6,13,22,4,3212,4,1,0,1,1,2,0,0,0,3,7,6,0,3,5,3,0,3,2,1
2020-04-07,6,8,6,1,2,8,2,2,6,6,13,22,4,3212,4,1,0,1,1,2,0,0,0,3,7,6,0,3,5,3,0,3,2,1
2020-04-08,6,8,6,1,2,8,2,2,6,6,13,22,4,3213,4,1,0,1,1,2,0,0,0,3,7,7,0,3,5,3,0,3,2,1
2020-04-09,6,8,6,1,2,8,2,2,6,6,13,22,4,3215,4,1,0,1,1,2,0,0,0,3,7,7,0,3,5,3,0,3,2,1
2020-04-10,6,8,6,1,2,8,2,2,6,6,13,22,4,3216,4,1,0,1,1,2,0,0,0,3,7,7,0,3,6,3,0,3,2,1
2020-04-11,6,8,6,1,2,8,2,2,6,6,13,22,4,3219,4,1,0,1,1,2,0,0,0,3,7,7,0,3,6,3,0,3,2,1
2020-04-12,6,8,6,1,2,8,2,2,6,6,13,22,4,3219,4,1,0,1,1,2,0,0,0,3,7,7,0,3,6,3,0,3,2,1
2020-04-13,6,8,6,1,2,8,2,2,6,6,13,22,4,3221,4,1,0,1,1,2,0,0,0,3,7,7,0,3,6,3,0,3,2,1
2020-04-14,6,8,6,1,2,8,2,2,6,6,13,22,4,3221,4,1,0,1,1,2,0,0,0,3,7,7,0,3,6,3,0,3,2,1
2020-04-15,6,8,6,1,2,8,2,2,6,6,13,22,4,3222,4,1,0,1,1,2,0,0,0,3,7,7,0,3,6,3,0,3,2,1
2020-04-16,6,8,6,1,2,8,2,2,6,6,13,22,4,3222,4,1,0,1,1,2,0,0,0,3,7,7,0,3,6,3,0,3,2,1
2020-04-17,6,8,6,1,2,8,2,2,6,6,13,22,4,4512,4,1,0,1,1,2,0,0,0,3,7,7,0,3,6,3,0,3,2,1
2020-04-18,6,8,6,1,2,8,2,2,6,6,13,22,4,4512,4,1,0,1,1,2,0,0,0,3,7,7,0,3,6,3,0,3,2,1
2020-04-19,6,8,6,1,2,8,2,2,6,6,13,22,4,4512,4,1,0,1,1,2,0,0,0,3,7,7,0,3,6,3,0,3,2,1
2020-04-20,6,8,6,1,2,8,2,2,6,6,13,22,4,4512,4,1,0,1,1,2,0,0,0,3,7,7,0,3,6,3,0,3,2,1
2020-04-21,6,8,6,1,2,8,2,2,6,6,13,22,4,4512,4,1,0,1,1,2,0,0,0,3,7,7,0,3,6,3,0,3,2,1
2020-04-22,6,8,6,1,2,8,2,2,6,6,13,22,4,4512,4,1,0,1,1,2,0,0,0,3,7,7,0,3,6,3,0,3,2,1
2020-04-23,6,8,6,1,2,8,2,2,6,6,13,22,4,4512,4,1,0,1,1,2,0,0,0,3,7,7,0,3,6,3,0,3,2,1
2020-04-24,6,8,6,1,2,8,2,2,6,6,13,22,4,4512,4,1,0,1,1,2,0,0,0,3,7,7,0,3,6,3,0,3,2,1
2020-04-25,6,8,6,1,2,8,2,2,6,6,13,22,4,4512,4,1,0,1,1,2,0,0,0,3,7,7,0,3,6,3,0,3,2,1
2020-04-26,6,9,6,1,2,8,2,2,6,6,13,22,4,4512,4,1,0,1,1,2,0,0,0,3,7,7,0,3,6,3,0,3,2,1
2020-04-27,6,9,6,1,2,8,2,2,6,6,13,22,4,4512,4,1,0,1,1,2,0,0,0,3,7,7,0,3,6,3,0,3,2,1
2020-04-28,6,9,6,1,2,8,2,2,6,6,13,22,4,4512,4,1,0,1,1,2,0,0,0,3,7,7,0,3,6,3,0,3,2,1
2020-04-29,6,9,6,1,2,8,2,2,6,6,13,22,4,4512,4,1,0,1,1,2,0,0,0,3,7,7,0,3,6,3,0,3,2,1
2020-04-30,6,9,6,1,2,8,2,2,6,6,13,22,4,4512,4,1,0,1,1,2,0,0,0,3,7,7,0,3,6,3,0,3,2,1
2020-05-01,6,9,6,1,2,8,2,2,6,6,13,22,4,4512,4,1,0,1,1,2,0,0,0,3,7,7,0,3,6,3,0,3,2,1
2020-05-02,6,9,6,1,2,8,2,2,6,6,13,22,4,4512,4,1,0,1,1,2,0,0,0,3,7,7,0,3,6,3,0,3,2,1
2020-05-03,6,9,6,1,2,8,2,2,6,6,13,22,4,4512,4,1,0,1,1,2,0,0,0,3,7,7,0,3,6,3,0,3,2,1
2020-05-04,6,9,6,1,2,8,2,2,6,6,13,22,4,4512,4,1,0,1,1,2,0,0,0,3,7,7,0,3,6,3,0,3,2,1
2020-05-05,6,9,6,1,2,8,2,2,6,6,13,22,4,4512,4,1,0,1,1,2,0,0,0,3,7,7,0,3,6,3,0,3,2,1
2020-05-06,6,9,6,1,2,8,2,2,6,6,13,22,4,4512,4,1,0,1,1,2,0,0,0,3,7,7,0,3,6,3,0,3,2,1
2020-05-07,6,9,6,1,2,8,2,2,6,6,13,22,4,4512,4,1,0,1,1,2,0,0,0,3,7,7,0,3,6,3,0,3,2,1
2020-05-08,6,9,6,1,2,8,2,2,6,6,13,22,4,4512,4,1,0,1,1,2,0,0,0,3,7,7,0,3,6,3,0,3,2,1
2020-05-09,6,9,6,1,2,8,2,2,6,6,13,22,4,4512,4,1,0,1,1,2,0,0,0,3,7,7,0,3,6,3,0,3,2,1
2020-05-10,6,9,6,1,2,8,2,2,6,6,13,22,4,4512,4,1,0,1,1,2,0,0,0,3,7,7,0,3,6,3,0,3,2,1
2020-05-11,6,9,6,1,2,8,2,2,6,6,13,22,4,4512,4,1,0,1,1,2,0,0,0,3,7,7,0,3,7,3,0,3,2,1
2020-05-12,6,9,6,1,2,8,2,2,6,6,13,22,4,4512,4,1,0,1,1,2,0,0,0,3,7,7,0,3,7,3,0,3,2,1
2020-05-13,6,9,6,1,2,8,2,2,6,6,13,22,4,4512,4,1,0,1,1,2,0,0,0,3,7,7,0,3,7,3,0,3,2,1
2020-05-14,6,9,6,1,2,8,2,2,6,6,13,22,4,4512,4,1,0,1,1,2,0,0,0,3,7,7,0,3,7,3,0,3,2,1
2020-05-15,6,9,6,1,2,8,2,2,6,6,13,22,4,4512,4,1,0,1,1,2,0,0,0,3,7,7,0,3,7,3,0,3,2,1
2020-05-16,6,9,6,1,2,8,2,2,6,6,13,22,4,4512,4,1,0,1,2,2,0,0,0,3,7,7,0,3,7,3,0,3,2,1
2020-05-17,6,9,6,1,2,8,2,2,6,6,13,22,4,4512,4,1,0,1,2,2,0,0,0,3,7,7,0,3,7,3,0,3,2,1
2020-05-18,6,9,6,1,2,8,2,2,6,6,13,22,4,4512,4,1,0,1,2,2,0,0,0,3,7,7,0,3,7,3,0,3,2,1
2020-05-19,6,9,6,1,2,8,2,2,6,6,13,22,4,4512,4,1,0,1,2,2,0,0,0,3,7,7,0,3,7,3,0,3,2,1
2020-05-20,6,9,6,1,2,8,2,2,6,6,13,22,4,4512,4,1,0,1,2,2,0,0,0,3,7,7,0,3,7,3,0,3,2,1
2020-05-21,6,9,6,1,2,8,2,2,6,6,13,22,4,4512,4,1,0,1,2,2,0,0,0,3,7,7,0,3,7,3,0,3,2,1
2020-05-22,6,9,6,1,2,8,2,2,6,6,13,22,4,4512,4,1,0,1,2,2,0,0,0,3,7,7,0,3,7,3,0,3,2,1
2020-05-23,6,9,6,1,2,8,2,2,6,6,13,22,4,4512,4,1,0,1,2,2,0,0,0,3,7,7,0,3,7,3,0,3,2,1
2020-05-24,6,9,6,1,2,8,2,2,6,6,13,22,4,4512,4,1,0,1,2,2,0,0,0,3,7,7,0,3,7,3,0,3,2,1
2020-05-25,6,9,6,1,2,8,2,2,6,6,13,22,4,4512,4,1,0,1,2,2,0,0,0,3,7,7,0,3,7,3,0,3,2,1
2020-05-26,6,9,6,1,2,8,2,2,6,6,13,22,4,4512,4,1,0,1,2,2,0,0,0,3,7,7,0,3,7,3,0,3,2,1
2020-05-27,6,9,6,1,2,8,2,2,6,6,13,22,4,4512,4,1,0,1,2,2,0,0,0,3,7,7,0,3,7,3,0,3,2,1
2020-05-28,6,9,6,1,2,8,2,2,6,6,13,22,4,4512,4,1,0,1,2,2,0,0,0,3,7,7,0,3,7,3,0,3,2,1
2020-05-29,6,9,6,1,2,8,2,2,6,6,13,22,4,4512,4,1,0,1,2,2,0,0,0,3,7,7,0,3,7,3,0,3,2,1
2020-05-30,6,9,6,1,2,8,2,2,6,6,13,22,4,4512,4,1,0,1,2,2,0,0,0,3,7,7,0,3,7,3,0,3,2,1
2020-05-31,6,9,6,1,2,8,2,2,6,6,13,22,4,4512,4,1,0,1,2,2,0,0,0,3,7,7,0,3,7,3,0,3,2,1
2020-06-01,6,9,6,1,2,8,2,2,6,6,13,22,4,4512,4,1,0,1,2,2,0,0,0,3,7,7,0,3,7,3,0,3,2,1
2020-06-02,6,9,6,1,2,8,2,2,6,6,13,22,4,4512,4,1,0,1,2,2,0,0,0,3,7,7,0,3,7,3,0,3,2,1
2020-06-03,6,9,6,1,2,8,2,2,6,6,13,22,4,4512,4,1,0,1,2,2,0,0,0,3,7,7,0,3,7,3,0,3,2,1
2020-06-04,6,9,6,1,2,8,2,2,6,6,13,22,4,4512,4,1,0,1,2,2,0,0,0,3,7,7,0,3,7,3,0,3,2,1
2020-06-05,6,9,6,1,2,8,2,2,6,6,13,22,4,4512,4,1,0,1,2,2,0,0,0,3,7,7,0,3,7,3,0,3,2,1
2020-06-06,6,9,6,1,2,8,2,2,6,6,13,22,4,4512,4,1,0,1,2,2,0,0,0,3,7,7,0,3,7,3,0,3,2,1
2020-06-07,6,9,6,1,2,8,2,2,6,6,13,22,4,4512,4,1,0,1,2,2,0,0,0,3,7,7,0,3,7,3,0,3,2,1
2020-06-08,6,9,6,1,2,8,2,2,6,6,13,22,4,4512,4,1,0,1,2,2,0,0,0,3,7,7,0,3,7,3,0,3,2,1
2020-06-09,6,9,6,1,2,8,2,2,6,6,13,22,4,4512,4,1,0,1,2,2,0,0,0,3,7,7,0,3,7,3,0,3,2,1
2020-06-10,6,9,6,1,2,8,2,2,6,6,13,22,4,4512,4,1,0,1,2,2,0,0,0,3,7,7,0,3,7,3,0,3,2,1
2020-06-11,6,9,6,1,2,8,2,2,6,6,13,22,4,4512,4,1,0,1,2,2,0,0,0,3,7,7,0,3,7,3,0,3,2,1
2020-06-12,6,9,6,1,2,8,2,2,6,6,13,22,4,4512,4,1,0,1,2,2,0,0,0,3,7,7,0,3,7,3,0,3,2,1
2020-06-13,6,9,6,1,2,8,2,2,6,6,13,22,4,4512,4,1,0,1,2,2,0,0,0,3,7,7,0,3,7,3,0,3,2,1
2020-06-14,6,9,6,1,2,8,2,2,6,6,13,22,4,4512,4,1,0,1,2,2,0,0,0,3,7,7,0,3,7,3,0,3,2,1
2020-06-15,6,9,6,1,2,8,2,2,6,6,13,22,4,4512,4,1,0,1,2,2,0,0,0,3,7,7,0,3,7,3,0,3,2,1
2020-06-16,6,9,6,1,2,8,2,2,6,6,13,22,4,4512,4,1,0,1,2,2,0,0,0,3,7,7,0,3,7,3,0,3,2,1
2020-06-17,6,9,6,1,2,8,2,2,6,6,13,22,4,4512,4,1,0,1,2,2,0,0,0,3,7,7,0,3,7,3,0,3,2,1
2020-06-18,6,9,6,1,2,8,2,2,6,6,13,22,4,4512,4,1,0,1,2,2,0,0,0,3,7,7,0,3,7,3,0,3,2,1
2020-06-19,6,9,6,1,2,8,2,2,6,6,13,22,4,4512,4,1,0,1,2,2,0,0,0,3,7,7,0,3,7,3,0,3,2,1
2020-06-20,6,9,6,1,2,8,2,2,6,6,13,22,4,4512,4,1,0,1,2,2,0,0,0,3,7,7,0,3,7,3,0,3,2,1
2020-06-21,6,9,6,1,2,8,2,2,6,6,13,22,5,4512,4,1,0,1,2,2,0,0,0,3,7,7,0,3,7,3,0,3,2,1
2020-06-22,6,9,6,1,2,8,2,2,6,6,13,22,5,4512,4,1,0,1,2,2,0,0,0,3,7,7,0,3,7,3,0,3,2,1
2020-06-23,6,9,6,1,2,8,2,2,6,6,13,22,6,4512,4,1,0,1,2,2,0,0,0,3,7,7,0,3,7,3,0,3,2,1
2020-06-24,6,9,6,1,2,8,2,2,6,6,13,22,6,4512,4,1,0,1,2,2,0,0,0,3,7,7,0,3,7,3,0,3,2,1
2020-06-25,6,9,6,1,2,8,2,2,6,6,13,22,7,4512,4,1,0,1,2,2,0,0,0,3,7,7,0,3,7,3,0,3,2,1
2020-06-26,6,9,6,1,2,8,2,2,6,6,13,22,7,4512,4,1,0,1,2,2,0,0,0,3,7,7,0,3,7,3,0,3,2,1
2020-06-27,6,9,6,1,2,8,2,2,6,6,13,22,7,4512,4,1,0,1,2,2,0,0,0,3,7,7,0,3,7,3,0,3,2,1
2020-06-28,6,9,6,1,2,8,2,2,6,6,13,22,7,4512,4,1,0,1,2,2,0,0,0,3,7,7,0,3,7,3,0,3,2,1
2020-06-29,6,9,6,1,2,8,2,2,6,6,13,22,7,4512,4,1,0,1,2,2,0,0,0,3,7,7,0,3,7,3,0,3,2,1
2020-06-30,6,9,6,1,2,8,2,2,6,6,13,22,7,4512,4,1,0,1,2,2,0,0,0,3,7,7,0,3,7,3,0,3,2,1
2020-07-01,6,9,6,1,2,8,2,2,6,6,13,22,7,4512,4,1,0,1,2,2,0,0,0,3,7,7,0,3,7,3,0,3,2,1
2020-07-02,6,9,6,1,2,8,2,2,6,6,13,22,7,4512,4,1,0,1,2,2,0,0,0,3,7,7,0,3,7,3,0,3,2,1
2020-07-03,6,9,6,1,2,8,2,2,6,6,13,22,7,4512,4,1,0,1,2,2,0,0,0,3,7,7,0,3,7,3,0,3,2,1
2020-07-04,6,9,6,1,2,8,2,2,6,6,13,22,7,4512,4,1,0,1,2,2,0,0,0,3,7,7,0,3,7,3,0,3,2,1
2020-07-05,6,9,6,1,2,8,2,2,6,6,13,22,7,4512,4,1,0,1,2,2,0,0,0,3,7,7,0,3,7,3,0,3,2,1
2020-07-06,6,9,6,1,2,8,2,2,6,6,13,22,7,4512,4,1,0,1,2,2,0,0,0,3,7,7,0,3,7,3,0,3,2,1
2020-07-07,6,9,6,1,2,8,2,2,6,6,13,22,7,4512,4,1,0,1,2,2,0,0,0,3,7,7,0,3,7,3,0,3,2,1
2020-07-08,6,9,6,1,2,8,2,2,6,6,13,22,7,4512,4,1,0,1,2,2,0,0,0,3,7,7,0,3,7,3,0,3,2,1
2020-07-09,6,9,6,1,2,8,2,2,6,6,13,22,7,4512,4,1,0,1,2,2,0,0,0,3,7,7,0,3,7,3,0,3,2,1
2020-07-10,6,9,6,1,2,8,2,2,6,6,13,22,7,4512,4,1,0,1,2,2,0,0,0,3,7,7,0,3,7,3,0,3,2,1
2020-07-11,6,9,6,1,2,8,2,2,6,6,13,22,7,4512,4,1,0,1,2,2,0,0,0,3,7,7,0,3,7,3,0,3,2,1
2020-07-12,6,9,6,1,2,8,2,2,6,6,13,22,7,4512,4,1,0,1,2,2,0,0,0,3,7,7,0,3,7,3,0,3,2,1
2020-07-13,6,9,6,1,2,8,2,2,6,6,13,22,7,4512,4,1,0,1,2,2,0,0,0,3,7,7,0,3,7,3,0,3,2,1
2020-07-14,6,9,6,1,2,8,2,2,6,6,13,22,8,4512,4,1,0,1,2,2,0,0,0,3,7,7,0,3,7,3,0,3,2,1
2020-07-15,6,9,6,1,2,8,2,2,6,6,13,22,8,4512,4,1,0,1,2,2,0,0,0,3,7,7,0,3,7,3,0,3,2,1
2020-07-16,6,9,6,1,2,8,2,2,6,6,13,22,10,4512,4,1,0,1,2,2,0,0,0,3,7,7,0,3,7,3,0,3,2,1
2020-07-17,6,9,6,1,2,8,2,2,6,6,13,22,10,4512,4,1,0,1,2,2,0,0,0,3,7,7,0,3,7,3,0,3,2,1
2020-07-18,6,9,6,1,2,8,2,2,6,6,13,22,12,4512,4,1,0,1,2,2,0,0,0,3,7,7,0,3,7,3,0,3,2,1
2020-07-19,6,9,6,1,2,8,2,2,6,6,13,22,12,4512,4,1,0,1,2,2,0,0,0,3,7,7,0,3,7,3,0,3,2,1
2020-07-20,6,9,6,1,2,8,2,2,6,6,13,22,12,4512,4,1,0,1,2,2,0,0,0,3,7,7,0,3,7,3,0,3,2,1
2020-07-21,6,9,6,1,2,8,2,2,6,6,13,22,14,4512,4,1,0,1,2,2,0,0,0,3,7,7,0,3,7,3,0,3,2,1
2020-07-22,6,9,6,1,2,8,2,2,6,6,13,22,14,4512,4,1,0,1,2,2,0,0,0,3,7,7,0,3,7,3,0,3,2,1
2020-07-23,6,9,6,1,2,8,2,2,6,6,13,22,15,4512,4,1,0,1,2,2,0,0,0,3,7,7,0,3,7,3,0,3,2,1
2020-07-24,6,9,6,1,2,8,2,2,6,6,13,22,16,4512,4,1,0,1,2,2,0,0,0,3,7,7,0,3,7,3,0,3,2,1
2020-07-25,6,9,6,1,2,8,2,2,6,6,13,22,18,4512,4,1,0,1,2,2,0,0,0,3,7,7,0,3,7,3,0,3,2,1
2020-07-26,6,9,6,1,2,8,2,2,6,6,13,22,18,4512,4,1,0,1,2,2,0,0,0,3,7,7,0,3,7,3,0,3,2,1
2020-07-27,6,9,6,1,2,8,2,2,6,6,13,22,22,4512,4,1,0,1,2,2,0,0,0,3,7,7,0,3,7,3,0,3,2,1
2020-07-28,6,9,6,1,2,8,2,2,6,6,13,22,22,4512,4,1,0,1,2,2,0,0,0,3,7,7,0,3,7,3,0,3,2,1
2020-07-29,6,9,6,1,2,8,2,2,6,6,13,22,24,4512,4,1,0,1,2,2,0,0,0,3,7,7,0,3,7,3,0,3,2,1
2020-07-30,6,9,6,1,2,8,2,2,6,6,13,22,24,4512,4,1,0,1,2,2,0,0,0,3,7,7,0,3,7,3,0,3,2,1
2020-07-31,6,9,6,1,2,8,2,2,6,6,13,22,27,4512,4,1,0,1,2,2,0,0,0,3,7,7,0,3,7,3,0,3,2,1
2020-08-01,6,9,6,1,2,8,2,2,6,6,13,22,31,4512,4,1,0,1,2,2,0,0,0,3,7,7,0,3,7,3,0,3,2,1
2020-08-02,6,9,6,1,2,8,2,2,6,6,13,22,34,4512,4,1,0,1,2,2,0,0,0,3,7,7,0,3,7,3,0,3,2,1
2020-08-03,6,9,6,1,2,8,2,2,6,6,13,22,37,4512,4,1,0,1,2,2,0,0,0,3,7,7,0,3,7,3,0,3,2,1
2020-08-04,6,9,6,1,2,8,2,2,6,6,13,22,41,4512,4,1,0,1,2,2,0,0,0,3,7,7,0,3,7,3,0,3,2,1
2020-08-05,6,9,6,1,2,8,2,2,6,6,13,22,43,4512,4,1,0,1,2,2,0,0,0,3,7,7,0,3,7,3,0,3,2,1
2020-08-06,6,9,6,1,2,8,2,2,6,6,13,22,44,4512,4,1,0,1,2,2,0,0,0,3,7,7,0,3,7,3,0,3,2,1
2020-08-07,6,9,6,1,2,8,2,2,6,6,13,22,46,4512,4,1,0,1,2,2,0,0,0,3,7,7,0,3,7,3,0,3,2,1
2020-08-08,6,9,6,1,2,8,2,2,6,6,13,22,47,4512,4,1,0,1,2,2,0,0,0,3,7,7,0,3,7,3,0,3,2,1
2020-08-09,6,9,6,1,2,8,2,2,6,6,13,22,51,4512,4,1,0,1,2,2,0,0,0,3,7,7,0,3,7,3,0,3,2,1
2020-08-10,6,9,6,1,2,8,2,2,6,6,13,22,54,4512,4,1,0,1,2,2,0,0,0,3,7,7,0,3,7,3,0,3,2,1
2020-08-11,6,9,6,1,2,8,2,2,6,6,13,22,58,4512,4,1,0,1,2,2,0,0,0,3,7,7,0,3,7,3,0,3,2,1
2020-08-12,6,9,6,1,2,8,2,2,6,6,13,22,63,4512,4,1,0,1,2,2,0,0,0,3,7,7,0,3,7,3,0,3,2,1
2020-08-13,6,9,6,1,2,8,2,2,6,6,13,22,65,4512,4,1,0,1,2,2,0,0,0,3,7,7,0,3,7,3,0,3,2,1
2020-08-14,6,9,6,1,2,8,2,2,6,6,13,22,66,4512,4,1,0,1,2,2,0,0,0,3,7,7,0,3,7,3,0,3,2,1
2020-08-15,6,9,6,1,2,8,2,2,6,6,13,22,68,4512,4,1,0,1,2,2,0,0,0,3,7,7,0,3,7,3,0,3,2,1
2020-08-16,6,9,6,1,2,8,2,2,6,6,13,22,69,4512,4,1,0,1,2,2,0,0,0,3,7,7,0,3,7,3,0,3,2,1
2020-08-17,6,9,6,1,2,8,2,2,6,6,13,22,69,4512,4,1,0,1,2,2,0,0,0,3,7,7,0,3,7,3,0,3,2,1
2020-08-18,6,9,6,1,2,8,2,2,6,6,13,22,70,4512,4,1,0,1,2,2,0,0,0,3,7,7,0,3,7,3,0,3,2,1
2020-08-19,6,9,6,1,2,8,2,2,6,6,13,22,72,4512,4,1,0,1,2,2,0,0,0,3,7,7,0,3,7,3,0,3,2,1
2020-08-20,6,9,6,1,2,8,2,2,6,6,13,22,73,4512,4,1,0,1,2,2,0,0,0,3,7,7,0,3,7,3,0,3,2,1
2020-08-21,6,9,6,1,2,8,2,2,6,6,13,22,75,4512,4,1,0,1,2,2,0,0,0,3,7,7,0,3,7,3,0,3,2,1
2020-08-22,6,9,6,1,2,8,2,2,6,6,13,22,76,4512,4,1,0,1,2,2,0,0,0,3,7,7,0,3,7,3,0,3,2,1
2020-08-23,6,9,6,1,2,8,2,2,6,6,13,22,77,4512,4,1,0,1,2,2,0,0,0,3,7,7,0,3,7,3,0,3,2,1
2020-08-24,6,9,6,1,2,8,2,2,6,6,13,22,77,4512,4,1,0,1,2,2,0,0,0,3,7,7,0,3,7,3,0,3,2,1
2020-08-25,6,9,6,1,2,8,2,2,6,6,13,22,77,4512,4,1,0,1,2,2,0,0,0,3,7,7,0,3,7,3,0,3,2,1
2020-08-26,6,9,6,1,2,8,2,2,6,6,13,22,78,4512,4,1,0,1,2,2,0,0,0,3,7,7,0,3,7,3,0,3,2,1
2020-08-27,6,9,6,1,2,8,2,2,6,6,13,22,79,4512,4,1,0,1,2,2,0,0,0,3,7,7,0,3,7,3,0,3,2,1
2020-08-28,6,9,6,1,2,8,2,2,6,6,13,22,84,4512,4,1,0,1,2,2,0,0,0,3,7,7,0,3,7,3,0,3,2,1
2020-08-29,6,9,6,1,2,8,2,2,6,6,13,22,86,4512,4,1,0,1,2,2,0,0,0,3,7,7,0,3,7,3,0,3,2,1
2020-08-30,6,9,6,1,2,8,2,2,6,6,13,22,88,4512,4,1,0,1,2,2,0,0,0,3,7,7,0,3,7,3,0,3,2,1
2020-08-31,6,9,6,1,2,8,2,2,6,6,13,22,89,4512,4,1,0,1,2,2,0,0,0,3,7,7,0,3,7,3,0,3,2,1
2020-09-01,6,9,6,1,2,8,2,2,6,6,13,22,90,4512,4,1,0,1,2,2,0,0,0,3,7,7,0,3,7,3,0,3,2,1
2020-09-02,6,9,6,1,2,8,2,2,6,6,13,22,93,4512,4,1,0,1,2,2,0,0,0,3,7,7,0,3,7,3,0,3,2,1
2020-09-03,6,9,6,1,2,8,2,2,6,6,13,22,94,4512,4,1,0,1,2,2,0,0,0,3,7,7,0,3,7,3,0,3,2,1
2020-09-04,6,9,6,1,2,8,2,2,6,6,13,22,94,4512,4,1,0,1,2,2,0,0,0,3,7,7,0,3,7,3,0,3,2,1
2020-09-05,6,9,6,1,2,8,2,2,6,6,13,22,94,4512,4,1,0,1,2,2,0,0,0,3,7,7,0,3,7,3,0,3,2,1
2020-09-06,6,9,6,1,2,8,2,2,6,6,13,22,95,4512,4,1,0,1,2,2,0,0,0,3,7,7,0,3,7,3,0,3,2,1
2020-09-07,6,9,6,1,2,8,2,2,6,6,13,22,98,4512,4,1,0,1,2,2,0,0,0,3,7,7,0,3,7,3,0,3,2,1
2020-09-08,6,9,6,1,2,8,2,2,6,6,13,22,99,4512,4,1,0,1,2,2,0,0,0,3,7,7,0,3,7,3,0,3,2,1
2020-09-09,6,9,6,1,2,8,2,2,6,6,13,22,99,4512,4,1,0,1,2,2,0,0,0,3,7,7,0,3,7,3,0,3,2,1
2020-09-10,6,9,6,1,2,8,2,2,6,6,13,22,99,4512,4,1,0,1,2,2,0,0,0,3,7,7,0,3,7,3,0,3,2,1
2020-09-11,6,9,6,1,2,8,2,2,6,6,13,22,99,4512,4,1,0,1,2,2,0,0,0,3,7,7,0,3,7,3,0,3,2,1
2020-09-12,6,9,6,1,2,8,2,2,6,6,13,22,100,4512,4,1,0,1,2,2,0,0,0,3,7,7,0,3,7,3,0,3,2,1
2020-09-13,6,9,6,1,2,8,2,2,6,6,13,22,100,4512,4,1,0,1,2,2,0,0,0,3,7,7,0,3,7,3,0,3,2,1
2020-09-14,6,9,6,1,2,8,2,2,6,6,13,22,101,4512,4,1,0,1,2,2,0,0,0,3,7,7,0,3,7,3,0,3,2,1
2020-09-15,6,9,6,1,2,8,2,2,6,6,13,22,101,4512,4,1,0,1,2,2,0,0,0,3,7,7,0,3,7,3,0,3,2,1
2020-09-16,6,9,6,1,2,8,2,2,6,6,13,22,102,4512,4,1,0,1,2,2,0,0,0,3,7,7,0,3,7,3,0,3,2,1
2020-09-17,6,9,6,1,2,8,2,2,6,6,13,22,102,4512,4,1,0,1,2,2,0,0,0,3,7,7,0,3,7,3,0,3,2,1
2020-09-18,6,9,6,1,2,8,2,2,6,6,13,22,103,4512,4,1,0,1,2,2,0,0,0,3,7,7,0,3,7,3,0,3,2,1
2020-09-19,6,9,6,1,2,8,2,2,6,6,13,22,103,4512,4,1,0,1,2,2,0,0,0,3,7,7,0,3,7,3,0,3,2,1
2020-09-20,6,9,6,1,2,8,2,2,6,6,13,22,103,4512,4,1,0,1,2,2,0,0,0,3,7,7,0,3,7,3,0,3,2,1
2020-09-21,6,9,6,1,2,8,2,2,6,6,13,22,103,4512,4,1,0,1,2,2,0,0,0,3,7,7,0,3,7,3,0,3,2,1
2020-09-22,6,9,6,1,2,8,2,2,6,6,13,22,103,4512,4,1,0,1,2,2,0,0,0,3,7,7,0,3,7,3,0,3,2,1
2020-09-23,6,9,6,1,2,8,2,2,6,6,13,22,103,4512,4,1,0,1,2,2,0,0,0,3,7,7,0,3,7,3,0,3,2,1
2020-09-24,6,9,6,1,2,8,2,2,6,6,13,22,104,4512,4,1,0,1,2,2,0,0,0,3,7,7,0,3,7,3,0,3,2,1
2020-09-25,6,9,6,1,2,8,2,2,6,6,13,22,104,4512,4,1,0,1,2,2,0,0,0,3,7,7,0,3,7,3,0,3,2,1
2020-09-26,6,9,6,1,2,8,2,2,6,6,13,22,105,4512,4,1,0,1,2,2,0,0,0,3,7,7,0,3,7,3,0,3,2,1
2020-09-27,6,9,6,1,2,8,2,2,6,6,13,22,105,4512,4,1,0,1,2,2,0,0,0,3,7,7,0,3,7,3,0,3,2,1
2020-09-28,6,9,6,1,2,8,2,2,6,6,13,22,105,4512,4,1,0,1,2,2,0,0,0,3,7,7,0,3,7,3,0,3,2,1
2020-09-29,6,9,6,1,2,8,2,2,6,6,13,22,105,4512,4,1,0,1,2,2,0,0,0,3,7,7,0,3,7,3,0,3,2,1
2020-09-30,6,9,6,1,2,8,2,2,6,6,13,22,105,4512,4,1,0,1,2,2,0,0,0,3,7,7,0,3,7,3,0,3,2,1
2020-10-01,6,9,6,1,2,8,2,2,6,6,13,22,105,4512,4,1,0,1,2,2,0,0,0,3,7,7,0,3,7,3,0,3,2,1
2020-10-02,6,9,6,1,2,8,2,2,6,6,13,22,105,4512,4,1,0,1,2,2,0,0,0,3,7,7,0,3,7,3,0,3,2,1
2020-10-03,6,9,6,1,2,8,2,2,6,6,13,22,105,4512,4,1,0,1,2,2,0,0,0,3,7,7,0,3,7,3,0,3,2,1
2020-10-04,6,9,6,1,2,8,2,2,6,6,13,22,105,4512,4,1,0,1,2,2,0,0,0,3,7,7,0,3,7,3,0,3,2,1
2020-10-05,6,9,6,1,2,8,2,2,6,6,13,22,105,4512,4,1,0,1,2,2,0,0,0,3,7,7,0,3,7,3,0,3,2,1
2020-10-06,6,9,6,1,2,8,2,2,6,6,13,22,105,4512,4,1,0,1,2,2,0,0,0,3,7,7,0,3,7,3,0,3,2,1
2020-10-07,6,9,6,1,2,8,2,2,6,6,13,22,105,4512,4,1,0,1,2,2,0,0,0,3,7,7,0,3,7,3,0,3,2,1
2020-10-08,6,9,6,1,2,8,2,2,6,6,13,22,105,4512,4,1,0,1,2,2,0,0,0,3,7,7,0,3,7,3,0,3,2,1
2020-10-09,6,9,6,1,2,8,2,2,6,6,13,22,105,4512,4,1,0,1,2,2,0,0,0,3,7,7,0,3,7,3,0,3,2,1
2020-10-10,6,9,6,1,2,8,2,2,6,6,13,22,105,4512,4,1,0,1,2,2,0,0,0,3,7,7,0,3,7,3,0,3,2,1
2020-10-11,6,9,6,1,2,8,2,2,6,6,13,22,105,4512,4,1,0,1,2,2,0,0,0,3,7,7,0,3,7,3,0,3,2,1
2020-10-12,6,9,6,1,2,8,2,2,6,6,13,22,105,4512,4,1,0,1,2,2,0,0,0,3,7,7,0,3,7,3,0,3,2,1
2020-10-13,6,9,6,1,2,8,2,2,6,6,13,22,105,4512,4,1,0,1,2,2,0,0,0,3,7,7,0,3,7,3,0,3,2,1
2020-10-14,6,9,6,1,2,8,2,2,6,6,13,22,105,4512,4,1,0,1,2,2,0,0,0,3,7,7,0,3,7,3,0,3,2,1
2020-10-15,6,9,6,1,2,8,2,2,6,6,13,22,105,4512,4,1,0,1,2,2,0,0,0,3,7,7,0,3,7,3,0,3,2,1
2020-10-16,6,9,6,1,2,8,2,2,6,6,13,22,105,4512,4,1,0,1,2,2,0,0,0,3,7,7,0,3,7,3,0,3,2,1
2020-10-17,6,9,6,1,2,8,2,2,6,6,13,22,105,4512,4,1,0,1,2,2,0,0,0,3,7,7,0,3,7,3,0,3,2,1
2020-10-18,6,9,6,1,2,8,2,2,6,6,13,22,105,4512,4,1,0,1,2,2,0,0,0,3,7,7,0,3,7,3,0,3,2,1
2020-10-19,6,9,6,1,2,8,2,2,6,6,13,22,105,4512,4,1,0,1,2,2,0,0,0,3,7,7,0,3,7,3,0,3,2,1
2020-10-20,6,9,6,1,2,8,2,2,6,6,13,22,105,4512,4,1,0,1,2,2,0,0,0,3,7,7,0,3,7,3,0,3,2,1
2020-10-21,6,9,6,1,2,8,2,2,6,6,13,22,105,4512,4,1,0,1,2,2,0,0,0,3,7,7,0,3,7,3,0,3,2,1
2020-10-22,6,9,6,1,2,8,2,2,6,6,13,22,105,4512,4,1,0,1,2,2,0,0,0,3,7,7,0,3,7,3,0,3,2,1
2020-10-23,6,9,6,1,2,8,2,2,6,6,13,22,105,4512,4,1,0,1,2,2,0,0,0,3,7,7,0,3,7,3,0,3,2,1
2020-10-24,6,9,6,1,2,8,2,2,6,6,13,22,105,4512,4,1,0,1,2,2,0,0,0,3,7,7,0,3,7,3,0,3,2,1
2020-10-25,6,9,6,1,2,8,2,2,6,6,13,22,105,4512,4,1,0,1,2,2,0,0,0,3,7,7,0,3,7,3,0,3,2,1
2020-10-26,6,9,6,1,2,8,2,2,6,6,13,22,105,4512,4,1,0,1,2,2,0,0,0,3,7,7,0,3,7,3,0,3,2,1
2020-10-27,6,9,6,1,2,8,2,2,6,6,13,22,105,4512,4,1,0,1,2,2,0,0,0,3,7,7,0,3,7,3,0,3,2,1
2020-10-28,6,9,6,1,2,8,2,2,6,6,13,22,105,4512,4,1,0,1,2,2,0,0,0,3,7,7,0,3,7,3,0,3,2,1
2020-10-29,6,9,6,1,2,8,2,2,6,6,13,22,105,4512,4,1,0,1,2,2,0,0,0,3,7,7,0,3,7,3,0,3,2,1
2020-10-30,6,9,6,1,2,8,2,2,6,6,13,22,105,4512,4,1,0,1,2,2,0,0,0,3,7,7,0,3,7,3,0,3,2,1
2020-10-31,6,9,6,1,2,8,2,2,6,6,13,22,105,4512,4,1,0,1,2,2,0,0,0,3,7,7,0,3,7,3,0,3,2,1
2020-11-01,6,9,6,1,2,8,2,2,6,6,13,22,105,4512,4,1,0,1,2,2,0,0,0,3,7,7,0,3,7,3,0,3,2,1
2020-11-02,6,9,6,1,2,8,2,2,6,6,13,22,105,4512,4,1,0,1,2,2,0,0,0,3,7,7,0,3,7,3,0,3,2,1
2020-11-03,6,9,6,1,2,8,2,2,6,6,13,22,105,4512,4,1,0,1,2,2,0,0,0,3,7,7,0,3,7,3,0,3,2,1
2020-11-04,6,9,6,1,2,8,2,2,6,6,13,22,106,4512,4,1,0,1,2,2,0,0,0,3,7,7,0,3,7,3,0,3,2,1
2020-11-05,6,9,6,1,2,8,2,2,6,6,13,22,106,4512,4,1,0,1,2,2,0,0,0,3,7,7,0,3,7,3,0,3,2,1
2020-11-06,6,9,6,1,2,8,2,2,6,6,13,22,107,4512,4,1,0,1,2,2,0,0,0,3,7,7,0,3,7,3,0,3,2,1
2020-11-07,6,9,6,1,2,8,2,2,6,6,13,22,107,4512,4,1,0,1,2,2,0,0,0,3,7,7,0,3,7,3,0,3,2,1
2020-11-08,6,9,6,1,2,8,2,2,6,6,13,22,107,4512,4,1,0,1,2,2,0,0,0,3,7,7,0,3,7,3,0,3,2,1
2020-11-09,6,9,6,1,2,8,2,2,6,6,13,22,107,4512,4,1,0,1,2,2,0,0,0,3,7,7,0,3,7,3,0,3,2,1
2020-11-10,6,9,6,1,2,8,2,2,6,6,13,22,108,4512,4,1,0,1,2,2,0,0,0,3,7,7,0,3,7,3,0,3,2,1
2020-11-11,6,9,6,1,2,8,2,2,6,6,13,22,108,4512,4,1,0,1,2,2,0,0,0,3,7,7,0,3,7,3,0,3,2,1
2020-11-12,6,9,6,1,2,8,2,2,6,6,13,22,108,4512,4,1,0,1,2,2,0,0,0,3,7,7,0,3,7,3,0,3,2,1
2020-11-13,6,9,6,1,2,8,2,2,6,6,13,22,108,4512,4,1,0,1,2,2,0,0,0,3,7,7,0,3,7,3,0,3,2,1
2020-11-14,6,9,6,1,2,8,2,2,6,6,13,22,108,4512,4,1,0,1,2,2,0,0,0,3,7,7,0,3,7,3,0,3,2,1
2020-11-15,6,9,6,1,2,8,2,2,6,6,13,22,108,4512,4,1,0,1,2,2,0,0,0,3,7,7,0,3,7,3,0,3,2,1
2020-11-16,6,9,6,1,2,8,2,2,6,6,13,22,108,4512,4,1,0,1,2,2,0,0,0,3,7,7,0,3,7,3,0,3,2,1
2020-11-17,6,9,6,1,2,8,2,2,6,6,13,22,108,4512,4,1,0,1,2,2,0,0,0,3,7,7,0,3,7,3,0,3,2,1
2020-11-18,6,9,6,1,2,8,2,2,6,6,13,22,108,4512,4,1,0,1,2,2,0,0,0,3,7,7,0,3,7,3,0,3,2,1
2020-11-19,6,9,6,1,2,8,2,2,6,6,13,22,108,4512,4,1,0,1,2,2,0,0,0,3,7,7,0,3,7,3,0,3,2,1
2020-11-20,6,9,6,1,2,8,2,2,6,6,13,22,108,4512,4,1,0,1,2,2,0,0,0,3,7,7,0,3,7,3,0,3,2,1
2020-11-21,6,9,6,1,2,8,2,2,6,6,13,22,108,4512,4,1,0,1,2,2,0,0,0,3,7,7,0,3,7,3,0,3,2,1
2020-11-22,6,9,6,1,2,8,2,2,6,6,13,22,108,4512,4,1,0,1,2,2,0,0,0,3,7,7,0,3,7,3,0,3,2,1
2020-11-23,6,9,6,1,2,8,2,2,6,6,13,22,108,4512,4,1,0,1,2,2,0,0,0,3,7,7,0,3,7,3,0,3,2,1
2020-11-24,6,9,6,1,2,8,2,2,6,6,13,22,108,4512,4,1,0,1,2,2,0,0,0,3,7,7,0,3,7,3,0,3,2,1
2020-11-25,6,9,6,1,2,8,2,2,6,6,13,22,108,4512,4,1,0,1,2,2,0,0,0,3,7,7,0,3,7,3,0,3,2,1
2020-11-26,6,9,6,1,2,8,2,2,6,6,13,22,108,4512,4,1,0,1,2,2,0,0,0,3,7,7,0,3,7,3,0,3,2,1
2020-11-27,6,9,6,1,2,8,2,2,6,6,13,22,108,4512,4,1,0,1,2,2,0,0,0,3,7,7,0,3,7,3,0,3,2,1
2020-11-28,6,9,6,1,2,8,2,2,6,6,13,22,109,4512,4,1,0,1,2,2,0,0,0,3,7,7,0,3,7,3,0,3,2,1
2020-11-29,6,9,6,1,2,8,2,2,6,6,13,22,109,4512,4,1,0,1,2,2,0,0,0,3,7,7,0,3,7,3,0,3,2,1
2020-11-30,6,9,6,1,2,8,2,2,6,6,13,22,109,4512,4,1,0,1,2,2,0,0,0,3,7,7,0,3,7,3,0,3,2,1
2020-12-01,6,9,6,1,2,8,2,2,6,6,13,22,109,4512,4,1,0,1,2,2,0,0,0,3,7,7,0,3,7,3,0,3,2,1
2020-12-02,6,9,6,1,2,8,2,2,6,6,13,22,110,4512,4,1,0,1,2,2,0,0,0,3,7,7,0,3,7,3,0,3,2,1
2020-12-03,6,9,6,1,2,8,2,2,6,6,13,22,110,4512,4,1,0,1,2,2,0,0,0,3,7,7,0,3,7,3,0,3,2,1
2020-12-04,6,9,6,1,2,8,2,2,6,6,13,22,112,4512,4,1,0,1,2,2,0,0,0,3,7,7,0,3,7,3,0,3,2,1
2020-12-05,6,9,6,1,2,8,2,2,6,6,13,22,112,4512,4,1,0,1,2,2,0,0,0,3,7,7,0,3,7,3,0,3,2,1
2020-12-06,6,9,6,1,2,8,2,2,6,6,13,22,112,4512,4,1,0,1,2,2,0,0,0,3,7,7,0,3,7,3,0,3,2,1
2020-12-07,6,9,6,1,2,8,2,2,6,6,13,22,112,4512,4,1,0,1,2,2,0,0,0,3,7,7,0,3,7,3,0,3,2,1
2020-12-08,6,9,6,1,2,8,2,2,6,6,13,22,112,4512,4,1,0,1,2,2,0,0,0,3,7,7,0,3,7,3,0,3,2,1
2020-12-09,6,9,6,1,2,8,2,2,6,6,13,22,114,4512,4,1,0,1,2,2,0,0,0,3,7,7,0,3,7,3,0,3,2,1
2020-12-10,6,9,6,1,2,8,2,2,6,6,13,22,114,4512,4,1,0,1,2,2,0,0,0,3,7,7,0,3,7,3,0,3,2,1
2020-12-11,6,9,6,1,2,8,2,2,6,6,13,22,114,4512,4,1,0,1,2,2,0,0,0,3,7,7,0,3,7,3,0,3,2,1
2020-12-12,6,9,6,1,2,8,2,2,6,6,13,22,115,4512,4,1,0,1,2,2,0,0,0,3,7,7,0,3,7,3,0,3,2,1
2020-12-13,6,9,6,1,2,8,2,2,6,6,13,22,117,4512,4,1,0,1,2,2,0,0,0,3,7,7,0,3,7,3,0,3,2,1
2020-12-14,6,9,6,1,2,8,2,2,6,6,13,22,120,4512,4,1,0,1,2,2,0,0,0,3,7,7,0,3,7,3,0,3,2,1
2020-12-15,6,9,6,1,2,8,2,2,6,6,13,22,122,4512,4,1,0,1,2,2,0,0,0,3,7,7,0,3,7,3,0,3,2,1
2020-12-16,6,9,6,1,2,8,2,2,6,6,13,22,123,4512,4,1,0,1,2,2,0,0,0,3,7,7,0,3,7,3,0,3,2,1
2020-12-17,6,9,6,1,2,8,2,2,6,6,13,22,125,4512,4,1,0,1,2,2,0,0,0,3,7,7,0,3,7,3,0,3,2,1
2020-12-18,6,9,6,1,2,8,2,2,6,6,13,22,129,4512,4,1,0,1,2,2,0,0,0,3,7,7,0,3,7,3,0,3,2,1
2020-12-19,6,9,6,1,2,8,2,2,6,6,13,22,129,4512,4,1,0,1,2,2,0,0,0,3,7,7,0,3,7,3,0,3,2,1
2020-12-20,6,9,6,1,2,8,2,2,6,6,13,22,129,4512,4,1,0,1,2,2,0,0,0,3,7,7,0,3,7,3,0,3,2,1
2020-12-21,6,9,6,1,2,8,2,2,6,6,13,22,131,4512,4,1,0,1,2,2,0,0,0,3,7,7,0,3,7,3,0,3,2,1
2020-12-22,6,9,6,1,2,8,2,2,6,6,13,22,132,4512,4,1,0,1,2,2,0,0,0,3,7,7,0,3,7,3,0,3,2,1
2020-12-23,6,9,6,1,2,8,2,2,6,6,13,22,133,4512,4,1,0,1,2,2,0,0,0,3,7,7,0,3,7,3,0,3,2,1
2020-12-24,6,9,6,1,2,8,2,2,6,6,13,22,135,4512,4,1,0,1,2,2,0,0,0,3,7,7,0,3,7,3,0,3,2,1
2020-12-25,6,9,6,1,2,8,2,2,6,6,13,22,136,4512,4,1,0,1,2,2,0,0,0,3,7,7,0,3,7,3,0,3,2,1
2020-12-26,6,9,6,1,2,8,2,2,6,6,13,22,136,4512,4,1,0,1,2,2,0,0,0,3,7,7,0,3,7,3,0,3,2,1
2020-12-27,6,9,6,1,2,8,2,2,6,6,13,22,136,4512,4,1,0,1,2,2,0,0,0,3,7,7,0,3,7,3,0,3,2,1
2020-12-28,6,9,6,1,2,8,2,2,6,6,13,22,139,4512,4,1,0,1,2,2,0,0,0,3,7,7,0,3,7,3,0,3,2,1
2020-12-29,6,9,6,1,2,8,2,2,6,6,13,22,143,4512,4,1,0,1,2,2,0,0,0,3,7,7,0,3,7,3,0,3,2,1
2020-12-30,6,9,6,1,2,8,2,2,6,6,13,22,146,4512,4,1,0,1,2,2,0,0,0,3,7,7,0,3,7,3,0,3,2,1
2020-12-31,6,9,6,1,2,8,2,2,6,6,13,22,148,4512,4,1,0,1,2,2,0,0,0,3,7,7,0,3,7,3,0,3,2,1
2021-01-01,6,9,6,1,2,8,2,2,6,6,13,22,149,4512,4,1,0,1,2,2,0,0,0,3,7,7,0,3,7,3,0,3,2,1
2021-01-02,6,9,6,1,2,8,2,2,6,6,13,22,150,4512,4,1,0,1,2,2,0,0,0,3,7,7,0,3,7,3,0,3,2,1
2021-01-03,6,9,6,1,2,8,2,2,6,6,13,22,150,4512,4,1,0,1,2,2,0,0,0,3,7,7,0,3,7,3,0,3,2,1
2021-01-04,6,9,6,1,2,8,2,2,6,6,13,22,151,4512,4,1,0,1,2,2,0,0,0,3,7,7,0,3,7,3,0,3,2,1
2021-01-05,6,9,6,1,2,8,2,2,6,6,13,22,153,4512,4,1,0,1,2,2,0,0,0,3,7,7,0,3,7,3,0,3,2,1
2021-01-06,6,9,6,1,2,8,2,2,6,6,13,22,154,4512,4,1,0,1,2,2,0,0,0,3,7,7,0,3,7,3,0,3,2,1
2021-01-07,6,9,6,1,2,8,2,2,6,6,13,22,154,4512,4,1,0,1,2,2,0,0,0,3,7,7,0,3,7,3,0,3,2,1
2021-01-08,6,9,6,1,2,8,2,2,6,6,13,22,155,4512,4,1,0,1,2,2,0,0,0,3,7,7,0,3,7,3,0,3,2,1
2021-01-09,6,9,6,1,2,8,2,2,6,6,13,22,157,4512,4,1,0,1,2,2,0,0,0,3,7,7,0,3,7,3,0,3,2,1
2021-01-10,6,9,6,1,2,8,2,2,6,6,13,22,158,4512,4,1,0,1,2,2,0,0,0,3,7,7,0,3,7,3,0,3,2,1
2021-01-11,6,9,6,1,2,8,2,2,6,6,13,22,158,4512,4,1,0,1,2,2,0,0,0,3,7,7,0,3,7,3,0,3,2,1
2021-01-12,6,9,6,1,2,8,2,2,6,6,13,22,159,4512,4,1,0,1,2,2,0,0,0,3,7,7,0,3,7,3,0,3,2,1
2021-01-13,6,9,6,1,2,8,2,2,6,7,13,22,161,4512,4,1,0,1,2,2,0,0,0,3,7,7,0,3,7,3,0,3,2,1
2021-01-14,6,9,6,1,2,8,2,2,6,7,13,22,161,4512,4,1,0,1,2,2,0,0,0,3,7,7,0,3,7,3,0,3,2,1
2021-01-15,6,9,6,1,2,8,2,2,6,7,13,22,161,4512,4,1,0,1,2,2,0,0,0,3,7,7,0,3,7,3,0,3,2,1
2021-01-16,6,9,6,1,2,8,2,2,6,7,13,22,162,4512,4,1,0,1,2,2,0,0,0,3,7,7,0,3,7,3,0,3,2,1
2021-01-17,6,9,6,1,2,8,2,2,6,7,13,22,162,4512,4,1,0,1,2,2,0,0,0,3,7,7,0,3,7,3,0,3,2,1
2021-01-18,6,9,6,1,2,8,2,2,6,7,13,22,163,4512,4,1,0,1,2,2,0,0,0,3,7,7,0,3,7,3,0,3,2,1
2021-01-19,6,9,6,1,2,8,2,2,6,7,13,22,164,4512,4,1,0,1,2,2,0,0,0,3,7,7,0,3,7,3,0,3,2,1
2021-01-20,6,9,6,1,2,8,2,2,6,7,13,22,166,4512,4,1,0,1,2,2,0,0,0,3,7,7,0,3,7,3,0,3,2,1
2021-01-21,6,9,6,1,2,8,2,2,6,7,13,22,167,4512,4,1,0,1,2,2,0,0,0,3,7,7,0,3,7,3,0,3,2,1
2021-01-22,6,9,6,1,2,8,2,2,6,7,13,22,167,4512,4,1,0,1,2,2,0,0,0,3,7,7,0,3,7,3,0,3,2,1
2021-01-23,6,9,6,1,2,8,2,2,6,7,13,22,168,4512,4,1,0,1,2,2,0,0,0,3,7,7,0,3,7,3,0,3,2,1
2021-01-24,6,9,6,1,2,8,2,2,6,7,13,22,169,4512,4,1,0,1,2,2,0,0,0,3,7,7,0,3,7,3,0,3,2,1
2021-01-25,6,9,6,1,2,8,2,2,6,7,13,22,171,4512,4,1,0,1,3,2,0,0,0,3,7,7,0,3,7,3,0,3,2,1
2021-01-26,6,9,6,1,2,8,2,2,6,7,13,22,173,4512,4,1,0,1,3,2,0,0,0,3,7,7,0,3,7,3,0,3,2,1
2021-01-27,6,9,6,1,2,8,2,2,6,7,13,22,174,4512,4,1,0,1,3,2,0,0,0,3,7,7,0,3,7,3,0,3,2,1
2021-01-28,6,9,6,1,2,8,2,2,6,7,13,22,177,4512,4,1,0,1,3,2,0,0,0,3,7,7,0,3,7,3,0,3,2,1
2021-01-29,6,9,6,1,2,8,2,2,6,7,13,22,178,4512,4,1,0,1,3,2,0,0,0,3,7,7,0,3,7,3,0,3,2,1
2021-01-30,6,9,6,1,2,8,2,2,6,7,13,22,178,4512,4,1,0,1,3,2,0,0,0,3,7,7,0,3,8,3,0,3,2,1
2021-01-31,6,9,6,1,2,8,2,2,6,7,13,22,181,4512,4,1,0,1,3,2,0,0,0,3,7,7,0,3,8,3,0,3,2,1
2021-02-01,6,9,6,1,2,8,2,2,6,7,13,22,182,4512,4,1,0,1,3,2,0,0,0,3,7,7,0,3,8,3,0,3,2,1
2021-02-02,6,9,6,1,2,8,2,2,6,7,13,22,183,4512,4,1,0,1,3,2,0,0,0,3,7,7,0,3,8,3,0,3,2,1
2021-02-03,6,9,6,1,2,8,2,2,6,7,13,22,185,4512,4,1,0,1,3,2,0,0,0,3,7,7,0,3,8,3,0,3,2,1
2021-02-04,6,9,6,1,2,8,2,2,6,7,13,22,186,4512,4,1,0,1,3,2,0,0,0,3,7,7,0,3,9,3,0,3,2,1
2021-02-05,6,9,6,1,2,8,2,2,6,7,13,22,186,4512,4,1,0,1,3,2,0,0,0,3,7,7,0,3,9,3,0,3,2,1
2021-02-06,6,9,6,1,2,8,2,2,6,7,13,22,186,4512,4,1,0,1,3,2,0,0,0,3,7,7,0,3,9,3,0,3,2,1
2021-02-07,6,9,6,1,2,8,2,2,6,7,13,22,186,4512,4,1,0,1,3,2,0,0,0,3,7,7,0,3,9,3,0,3,2,1
2021-02-08,6,9,6,1,2,8,2,2,6,7,13,22,186,4512,4,1,0,1,3,2,0,0,0,3,7,7,0,3,9,3,0,3,2,1
2021-02-09,6,9,6,1,2,8,2,2,6,7,13,22,187,4512,4,1,0,1,3,2,0,0,0,3,7,7,0,3,9,3,0,3,2,1
2021-02-10,6,9,6,1,2,8,2,2,6,7,13,22,188,4512,4,1,0,1,3,2,0,0,0,3,7,7,0,3,9,3,0,3,2,1
2021-02-11,6,9,6,1,2,8,2,2,6,7,13,22,191,4512,4,1,0,1,3,2,0,0,0,3,7,7,0,3,9,3,0,3,2,1
2021-02-12,6,9,6,1,2,8,2,2,6,7,13,22,192,4512,4,1,0,1,3,2,0,0,0,3,7,7,0,3,9,3,0,3,2,1
2021-02-13,6,9,6,1,2,8,2,2,6,7,13,22,193,4512,4,1,0,1,3,2,0,0,0,3,7,7,0,3,9,3,0,3,2,1
2021-02-14,6,9,6,1,2,8,2,2,6,7,13,22,193,4512,4,1,0,1,3,2,0,0,0,3,7,7,0,3,9,3,0,3,2,1
2021-02-15,6,9,6,1,2,8,2,2,6,7,13,22,193,4512,4,1,0,1,3,2,0,0,0,3,7,7,0,3,9,3,0,3,2,1
2021-02-16,6,9,6,1,2,8,2,2,6,7,13,22,194,4512,4,1,0,1,3,2,0,0,0,3,7,7,0,3,9,3,0,3,2,1
2021-02-17,6,9,6,1,2,8,2,2,6,7,13,22,195,4512,4,1,0,1,3,2,0,0,0,3,7,7,0,3,9,3,0,3,2,1
2021-02-18,6,9,6,1,2,8,2,2,6,7,13,22,197,4512,4,1,0,1,3,2,0,0,0,3,7,7,0,3,9,3,0,3,2,1
2021-02-19,6,9,6,1,2,8,2,2,6,7,13,22,197,4512,4,1,0,1,3,2,0,0,0,3,7,7,0,3,9,3,0,3,2,1
2021-02-20,6,9,6,1,2,8,2,2,6,7,13,22,197,4512,4,1,0,1,3,2,0,0,0,3,7,7,0,3,9,3,0,3,2,1
2021-02-21,6,9,6,1,2,8,2,2,6,7,13,22,197,4512,4,1,0,1,3,2,0,0,0,3,7,7,0,3,9,3,0,3,2,1
2021-02-22,6,9,6,1,2,8,2,2,6,7,13,22,197,4512,4,1,0,1,3,2,0,0,0,3,7,7,0,3,9,3,0,3,2,1
2021-02-23,6,9,6,1,2,8,2,2,6,7,13,22,197,4512,4,1,0,1,3,2,0,0,0,3,7,7,0,3,9,3,0,3,2,1
2021-02-24,6,9,6,1,2,8,2,2,6,7,13,22,197,4512,4,1,0,1,3,2,0,0,0,3,7,7,0,3,9,3,0,3,2,1
2021-02-25,6,9,6,1,2,8,2,2,6,7,13,22,198,4512,4,1,0,1,3,2,0,0,0,3,7,7,0,3,9,3,0,3,2,1
2021-02-26,6,9,6,1,2,8,2,2,6,7,13,22,198,4512,4,1,0,1,3,2,0,0,0,3,7,7,0,3,9,3,0,3,2,1
2021-02-27,6,9,6,1,2,8,2,2,6,7,13,22,198,4512,4,1,0,1,3,2,0,0,0,3,7,7,0,3,9,3,0,3,2,1
2021-02-28,6,9,6,1,2,8,2,2,6,7,13,22,199,4512,4,1,0,1,3,2,0,0,0,3,7,7,0,3,9,3,0,3,2,1
2021-03-01,6,9,6,1,2,8,2,2,6,7,13,22,200,4512,4,1,0,1,3,2,0,0,0,3,7,7,0,3,9,3,0,3,2,1
2021-03-02,6,9,6,1,2,8,2,2,6,7,13,22,200,4512,4,1,0,1,3,2,0,0,0,3,7,7,0,3,9,3,0,3,2,1
2021-03-03,6,9,6,1,2,8,2,2,6,7,13,22,200,4512,4,1,0,1,3,2,0,0,0,3,7,7,0,3,9,3,0,3,2,1
2021-03-04,6,9,6,1,2,8,2,2,6,7,13,22,201,4512,4,1,0,1,3,2,0,0,0,3,7,7,0,3,9,3,0,3,2,1
2021-03-05,6,9,6,1,2,8,2,2,6,7,13,22,201,4512,4,1,0,1,3,2,0,0,0,3,7,7,0,3,9,3,0,3,2,1
2021-03-06,6,9,6,1,2,8,2,2,6,7,13,22,202,4512,4,1,0,1,3,2,0,0,0,3,7,7,0,3,10,3,0,3,2,1
2021-03-07,6,9,6,1,2,8,2,2,6,7,13,22,202,4512,4,1,0,1,3,2,0,0,0,3,7,7,0,3,10,3,0,3,2,1
2021-03-08,6,9,6,1,2,8,2,2,6,7,13,22,202,4512,4,1,0,1,3,2,0,0,0,3,7,7,0,3,10,3,0,3,2,1
2021-03-09,6,9,6,1,2,8,2,2,6,7,13,22,202,4512,4,1,0,1,3,2,0,0,0,3,7,7,0,3,10,3,0,3,2,1
2021-03-10,6,9,6,1,2,8,2,2,6,7,13,22,202,4512,4,1,0,1,3,2,0,0,0,3,7,7,0,3,10,3,0,3,2,1
2021-03-11,6,9,6,1,2,8,2,2,6,7,13,22,203,4512,4,1,0,1,3,2,0,0,0,3,7,7,0,3,10,3,0,3,2,1
2021-03-12,6,9,6,1,2,8,2,2,6,7,13,22,203,4512,4,1,0,1,3,2,0,0,0,3,7,7,0,3,10,3,0,3,2,1
2021-03-13,6,9,6,1,2,8,2,2,6,7,13,22,203,4512,4,1,0,1,3,2,0,0,0,3,7,7,0,3,10,3,0,3,2,1
2021-03-14,6,9,6,1,2,8,2,2,6,7,13,22,203,4512,4,1,0,1,3,2,0,0,0,3,7,7,0,3,10,3,0,3,2,1
2021-03-15,6,9,6,1,2,8,2,2,6,7,13,22,203,4512,4,1,0,1,3,2,0,0,0,3,7,7,0,3,10,3,0,3,2,1
2021-03-16,6,9,6,1,2,8,2,2,6,7,13,22,203,4512,4,1,0,1,3,2,0,0,0,3,7,7,0,3,10,3,0,3,2,1
2021-03-17,6,9,6,1,2,8,2,2,6,7,13,22,203,4512,4,1,0,1,3,2,0,0,0,3,7,7,0,3,10,3,0,3,2,1
2021-03-18,6,9,6,1,2,8,2,2,6,7,13,22,203,4512,4,1,0,1,3,2,0,0,0,3,7,7,0,3,10,3,0,3,2,1
2021-03-19,6,9,6,1,2,8,2,2,6,7,13,22,203,4512,4,1,0,1,3,2,0,0,0,3,7,7,0,3,10,3,0,3,2,1
2021-03-20,6,9,6,1,2,8,2,2,6,7,13,22,203,4512,4,1,0,1,3,2,0,0,0,3,7,7,0,3,10,3,0,3,2,1
2021-03-21,6,9,6,1,2,8,2,2,6,7,13,22,203,4512,4,1,0,1,3,2,0,0,0,3,7,7,0,3,10,3,0,3,2,1
2021-03-22,6,9,6,1,2,8,2,2,6,7,13,22,203,4512,4,1,0,1,3,2,0,0,0,3,7,7,0,3,10,3,0,3,2,1
2021-03-23,6,9,6,1,2,8,2,2,6,7,13,22,203,4512,4,1,0,1,3,2,0,0,0,3,7,7,0,3,10,3,0,3,2,1
2021-03-24,6,9,6,1,2,8,2,2,6,7,13,22,204,4512,4,1,0,1,3,2,0,0,0,3,7,7,0,3,10,3,0,3,2,1
2021-03-25,6,9,6,1,2,8,2,2,6,7,13,22,204,4512,4,1,0,1,3,2,0,0,0,3,7,7,0,3,10,3,0,3,2,1
2021-03-26,6,9,6,1,2,8,2,2,6,7,13,22,205,4512,4,1,0,1,3,2,0,0,0,3,7,7,0,3,10,3,0,3,2,1
2021-03-27,6,9,6,1,2,8,2,2,6,7,13,22,205,4512,4,1,0,1,3,2,0,0,0,3,7,7,0,3,10,3,0,3,2,1
2021-03-28,6,9,6,1,2,8,2,2,6,7,13,22,205,4512,4,1,0,1,3,2,0,0,0,3,7,7,0,3,10,3,0,3,2,1
2021-03-29,6,9,6,1,2,8,2,2,6,7,13,22,205,4512,4,1,0,1,3,2,0,0,0,3,7,7,0,3,10,3,0,3,2,1
2021-03-30,6,9,6,1,2,8,2,2,6,7,13,22,205,4512,4,1,0,1,3,2,0,0,0,3,7,7,0,3,10,3,0,3,2,1
2021-03-31,6,9,6,1,2,8,2,2,6,7,13,22,205,4512,4,1,0,1,3,2,0,0,0,3,7,7,0,3,10,3,0,3,2,1
2021-04-01,6,9,6,1,2,8,2,2,6,7,13,22,205,4512,4,1,0,1,3,2,0,0,0,3,7,7,0,3,10,3,0,3,2,1
2021-04-02,6,9,6,1,2,8,2,2,6,7,13,22,205,4512,4,1,0,1,3,2,0,0,0,3,7,7,0,3,10,3,0,3,2,1
2021-04-03,6,9,6,1,2,8,2,2,6,7,13,22,205,4512,4,1,0,1,3,2,0,0,0,3,7,7,0,3,10,3,0,3,2,1
2021-04-04,6,9,6,1,2,8,2,2,6,7,13,22,205,4512,4,1,0,1,3,2,0,0,0,3,7,7,0,3,10,3,0,3,2,1
2021-04-05,6,9,6,1,2,8,2,2,6,7,13,22,205,4512,4,1,0,1,3,2,0,0,0,3,7,7,0,3,10,3,0,3,2,1
2021-04-06,6,9,6,1,2,8,2,2,6,7,13,22,205,4512,4,1,0,1,3,2,0,0,0,3,7,7,0,3,10,3,0,3,2,1
2021-04-07,6,9,6,1,2,8,2,2,6,7,13,22,205,4512,4,1,0,1,3,2,0,0,0,3,7,7,0,3,10,3,0,3,2,1
2021-04-08,6,9,6,1,2,8,2,2,6,7,13,22,205,4512,4,1,0,1,3,2,0,0,0,3,7,7,0,3,10,3,0,3,2,1
2021-04-09,6,9,6,1,2,8,2,2,6,7,13,22,206,4512,4,1,0,1,3,2,0,0,0,3,7,7,0,3,10,3,0,3,2,1
2021-04-10,6,9,6,1,2,8,2,2,6,7,13,22,207,4512,4,1,0,1,3,2,0,0,0,3,7,7,0,3,10,3,0,3,2,1
2021-04-11,6,9,6,1,2,8,2,2,6,7,13,22,207,4512,4,1,0,1,3,2,0,0,0,3,7,7,0,3,11,3,0,3,2,1
2021-04-12,6,9,6,1,2,8,2,2,6,7,13,22,207,4512,4,1,0,1,3,2,0,0,0,3,7,7,0,3,11,3,0,3,2,1
2021-04-13,6,9,6,1,2,8,2,2,6,7,13,22,207,4512,4,1,0,1,3,2,0,0,0,3,7,7,0,3,11,3,0,3,2,1
2021-04-14,6,9,6,1,2,8,2,2,6,7,13,22,209,4512,4,1,0,1,3,2,0,0,0,3,7,7,0,3,11,3,0,3,2,1
2021-04-15,6,9,6,1,2,8,2,2,6,7,13,22,209,4512,4,1,0,1,3,2,0,0,0,3,7,7,0,3,11,3,0,3,2,1
2021-04-16,6,9,6,1,2,8,2,2,6,7,13,22,209,4512,4,1,0,1,3,2,0,0,0,3,7,7,0,3,11,3,0,3,2,1
2021-04-17,6,9,6,1,2,8,2,2,6,7,13,22,209,4512,4,1,0,1,3,2,0,0,0,3,7,7,0,3,11,3,0,3,2,1
2021-04-18,6,9,6,1,2,8,2,2,6,7,13,22,209,4512,4,1,0,1,3,2,0,0,0,3,7,7,0,3,11,3,0,3,2,1
2021-04-19,6,9,6,1,2,8,2,2,6,7,13,22,209,4512,4,1,0,1,3,2,0,0,0,3,7,7,0,3,11,3,0,3,2,1
2021-04-20,6,9,6,1,2,8,2,2,6,7,13,22,209,4512,4,1,0,1,3,2,0,0,0,3,7,7,0,3,11,3,0,3,2,1
2021-04-21,6,9,6,1,2,8,2,2,6,7,13,22,209,4512,4,1,0,1,3,2,0,0,0,3,7,7,0,3,11,3,0,3,2,1
2021-04-22,6,9,6,1,2,8,2,2,6,7,13,22,209,4512,4,1,0,1,3,2,0,0,0,3,7,7,0,3,11,3,0,3,2,1
2021-04-23,6,9,6,1,2,8,2,2,6,7,13,22,209,4512,4,1,0,1,3,2,0,0,0,3,7,7,0,3,11,3,0,3,2,1
2021-04-24,6,9,6,1,2,8,2,2,6,7,13,22,209,4512,4,1,0,1,3,2,0,0,0,3,7,7,0,3,12,3,0,3,2,1
2021-04-25,6,9,6,1,2,8,2,2,6,7,13,22,209,4512,4,1,0,1,3,2,0,0,0,3,7,7,0,3,12,3,0,3,2,1
2021-04-26,6,9,6,1,2,8,2,2,6,7,13,22,209,4512,4,1,0,1,3,2,0,0,0,3,7,7,0,3,12,3,0,3,2,1
2021-04-27,6,9,6,1,2,8,2,2,6,7,13,22,209,4512,4,1,0,1,3,2,0,0,0,3,7,7,0,3,12,3,0,3,2,1
2021-04-28,6,9,6,1,2,8,2,2,6,7,13,22,209,4512,4,1,0,1,3,2,0,0,0,3,7,7,0,3,12,3,0,3,2,1
2021-04-29,6,9,6,1,2,8,2,2,6,7,13,22,209,4512,4,1,0,1,3,2,0,0,0,3,7,7,0,3,12,3,0,3,2,1
2021-04-30,6,9,6,1,2,8,2,2,6,7,13,22,209,4512,4,1,0,1,3,2,0,0,0,3,7,7,0,3,12,3,0,3,2,1
2021-05-01,6,9,6,1,2,8,2,2,6,7,13,22,210,4512,4,1,0,1,3,2,0,0,0,3,7,7,0,3,12,3,0,3,2,1
2021-05-02,6,9,6,1,2,8,2,2,6,7,13,22,210,4512,4,1,0,1,3,2,0,0,0,3,7,7,0,3,12,3,0,3,2,1
2021-05-03,6,9,6,1,2,8,2,2,6,7,13,22,210,4512,4,1,0,1,3,2,0,0,0,3,7,7,0,3,12,3,0,3,2,1
2021-05-04,6,9,6,1,2,8,2,2,6,7,13,22,210,4512,4,1,0,1,3,2,0,0,0,3,7,7,0,3,12,3,0,3,2,1
2021-05-05,6,9,6,1,2,8,2,2,6,7,13,22,210,4512,4,1,0,1,3,2,0,0,0,3,7,7,0,3,12,3,0,3,2,1
2021-05-06,6,9,6,1,2,8,2,2,6,7,13,22,210,4512,4,1,0,1,3,2,0,0,0,3,7,7,0,3,12,3,0,3,2,1
2021-05-07,6,9,6,1,2,8,2,2,6,7,13,22,210,4512,4,1,0,1,3,2,0,0,0,3,7,7,0,3,12,3,0,3,2,1
2021-05-08,6,9,6,1,2,8,2,2,6,7,13,22,210,4512,4,1,0,1,3,2,0,0,0,3,7,7,0,3,12,3,0,3,2,1
2021-05-09,6,9,6,1,2,8,2,2,6,7,13,22,210,4512,4,1,0,1,3,2,0,0,0,3,7,7,0,3,12,3,0,3,2,1
2021-05-10,6,9,6,1,2,8,2,2,6,7,13,22,210,4512,4,1,0,1,3,2,0,0,0,3,7,7,0,3,12,3,0,3,2,1
2021-05-11,6,9,6,1,2,8,2,2,6,7,13,22,210,4512,4,1,0,1,3,2,0,0,0,3,7,7,0,3,12,3,0,3,2,1
2021-05-12,6,9,6,1,2,8,2,2,6,7,13,22,210,4512,4,1,0,1,3,2,0,0,0,3,7,7,0,3,12,3,0,3,2,1
2021-05-13,6,9,6,1,2,8,2,2,6,7,13,22,210,4512,4,1,0,1,3,2,0,0,0,3,7,7,0,3,12,3,0,3,2,1
2021-05-14,6,9,6,1,2,8,2,2,6,7,13,22,210,4512,4,1,0,1,3,2,0,0,0,3,7,7,0,3,12,3,0,3,2,1
2021-05-15,6,9,6,1,2,8,2,2,6,7,13,22,210,4512,4,1,0,1,3,2,0,0,0,3,7,7,0,3,12,3,0,3,2,1
2021-05-16,6,9,6,1,2,8,2,2,6,7,13,22,210,4512,4,1,0,1,3,2,0,0,0,3,7,7,0,3,12,3,0,3,2,1
2021-05-17,6,9,6,1,2,8,2,2,6,7,13,22,210,4512,4,1,0,1,3,2,0,0,0,3,7,7,0,3,12,3,0,3,2,1
2021-05-18,6,9,6,1,2,8,2,2,6,7,13,22,210,4512,4,1,0,1,3,2,0,0,0,3,7,7,0,3,14,3,0,3,2,1
2021-05-19,6,9,6,1,2,8,2,2,6,7,13,22,210,4512,4,1,0,1,3,2,0,0,0,3,7,7,0,3,14,3,0,3,2,1
2021-05-20,6,9,6,1,2,8,2,2,6,7,13,22,210,4512,4,1,0,1,3,2,0,0,0,3,7,7,0,3,15,3,0,3,2,1
2021-05-21,6,9,6,1,2,8,2,2,6,7,13,22,210,4512,4,1,0,1,3,2,0,0,0,3,7,7,0,3,15,3,0,3,2,1
2021-05-22,6,9,6,1,2,8,2,2,6,7,13,22,210,4512,4,1,0,1,3,2,0,0,0,3,7,7,0,3,17,3,0,3,2,1
2021-05-23,6,9,6,1,2,8,2,2,6,7,13,22,210,4512,4,1,0,1,3,2,0,0,0,3,7,7,0,3,23,3,0,3,2,1
2021-05-24,6,9,6,1,2,8,2,2,6,7,13,22,210,4512,4,1,0,1,3,2,0,0,0,3,7,7,0,3,29,3,0,3,2,1
2021-05-25,6,9,6,1,2,8,2,2,6,7,13,22,210,4512,4,1,0,1,3,2,0,0,0,3,7,7,0,3,35,3,0,3,2,1
2021-05-26,6,9,6,1,2,8,2,2,6,7,13,22,210,4512,4,1,0,1,3,2,0,0,0,3,7,7,0,3,46,3,0,3,2,1
2021-05-27,6,9,6,1,2,8,2,2,6,7,13,22,210,4512,4,1,0,1,3,2,0,0,0,3,7,7,0,3,59,3,0,3,2,1
2021-05-28,6,9,6,1,2,8,2,2,6,7,13,22,210,4512,4,1,0,1,3,2,0,0,0,3,7,7,0,3,78,3,0,3,2,1
2021-05-29,6,9,6,1,2,8,2,2,6,7,13,22,210,4512,4,1,0,1,3,2,0,0,0,3,7,7,0,3,99,3,0,3,2,1
2021-05-30,6,9,6,1,2,8,2,2,6,7,13,22,210,4512,4,1,0,1,3,2,0,0,0,3,7,7,0,3,109,3,0,3,2,1
2021-05-31,6,9,6,1,2,8,2,2,6,7,13,22,210,4512,4,1,0,1,3,2,0,0,0,3,7,7,0,3,124,3,0,3,2,1
2021-06-01,6,9,6,1,2,8,2,2,6,7,13,22,210,4512,4,1,0,1,3,2,0,0,0,3,7,7,0,3,137,3,0,3,2,1
2021-06-02,6,9,6,1,2,8,2,2,6,7,13,22,210,4512,4,1,0,1,3,2,0,0,0,3,7,7,0,3,149,3,0,3,2,1
2021-06-03,6,9,6,1,2,8,2,2,6,7,13,22,210,4512,4,1,0,1,3,2,0,0,0,3,7,7,0,3,166,3,0,3,2,1
2021-06-04,6,9,6,1,2,8,2,2,6,7,13,22,210,4512,4,1,0,1,3,2,0,0,0,3,7,7,0,3,187,3,0,3,2,1
2021-06-05,6,9,6,1,2,8,2,2,6,7,13,22,210,4512,4,1,0,1,3,2,0,0,0,3,7,7,0,3,224,3,0,3,2,1
2021-06-06,6,9,6,1,2,8,2,2,6,7,13,22,210,4512,4,1,0,1,3,2,0,0,0,3,7,7,0,3,260,3,0,3,2,1
2021-06-07,6,9,6,1,2,8,2,2,6,7,13,22,210,4512,4,1,0,1,3,2,0,0,0,3,7,7,0,3,286,3,0,3,2,1
2021-06-08,6,9,6,1,2,8,2,2,6,7,13,22,210,4512,4,1,0,1,3,2,0,0,0,3,7,7,0,3,308,3,0,3,2,1
2021-06-09,6,9,6,1,2,8,2,2,6,7,13,22,210,4512,4,1,0,1,3,2,0,0,0,3,7,7,0,3,333,3,0,3,2,1
2021-06-10,6,9,6,1,2,8,2,2,6,7,13,22,210,4512,4,1,0,1,3,2,0,0,0,3,7,7,0,3,361,3,0,3,2,1
2021-06-11,6,9,6,1,2,8,2,2,6,7,13,22,210,4512,4,1,0,1,3,2,0,0,0,3,7,7,0,3,385,3,0,3,2,1
2021-06-12,6,9,6,1,2,8,2,2,6,7,13,22,210,4512,4,1,0,1,3,2,0,0,0,3,7,7,0,3,411,3,0,3,2,1
2021-06-13,6,9,6,1,2,8,2,2,6,7,13,22,210,4512,4,1,0,1,3,2,0,0,0,3,7,7,0,3,437,3,0,3,2,1
2021-06-14,6,9,6,1,2,8,2,2,6,7,13,22,210,4512,4,1,0,1,3,2,0,0,0,3,7,7,0,3,452,3,0,3,2,1
2021-06-15,6,9,6,1,2,8,2,2,6,7,13,22,210,4512,4,1,0,1,3,2,0,0,0,3,7,7,0,3,460,3,0,3,2,1
2021-06-16,6,9,6,1,2,8,2,2,6,7,13,22,210,4512,4,1,0,1,3,2,0,0,0,3,7,7,0,3,478,3,0,3,2,1
2021-06-17,6,9,6,1,2,8,2,2,6,7,13,22,210,4512,4,1,0,1,3,2,0,0,0,3,7,7,0,3,497,3,0,3,2,1
2021-06-18,6,9,6,1,2,8,2,2,6,7,13,22,210,4512,4,1,0,1,3,2,0,0,0,3,7,7,0,3,518,3,0,3,2,1
2021-06-19,6,9,6,1,2,8,2,2,6,7,13,22,210,4512,4,1,0,1,3,2,0,0,0,3,7,7,0,3,538,3,0,3,2,1
2021-06-20,6,9,6,1,2,8,2,2,6,7,13,22,210,4512,4,1,0,1,3,2,0,0,0,3,7,7,0,3,549,3,0,3,2,1
2021-06-21,6,9,6,1,2,8,2,2,6,7,13,22,210,4512,4,1,0,1,3,2,0,0,0,3,7,7,0,3,569,3,0,3,2,1
2021-06-22,6,9,6,1,2,8,2,2,6,7,13,22,210,4512,4,1,0,1,3,2,0,0,0,3,7,7,0,3,575,3,0,3,2,1
2021-06-23,6,9,6,1,2,8,2,2,6,7,13,22,210,4512,4,1,0,1,3,2,0,0,0,3,7,7,0,3,599,3,0,3,2,1
2021-06-24,6,9,6,1,2,8,2,2,6,7,13,22,210,4512,4,1,0,1,3,2,0,0,0,3,7,7,0,3,605,3,0,3,2,1
2021-06-25,6,9,6,1,2,8,2,2,6,7,13,22,211,4512,4,1,0,1,3,2,0,0,0,3,7,7,0,3,610,3,0,3,2,1
2021-06-26,6,9,6,1,2,8,2,2,6,7,13,22,211,4512,4,1,0,1,3,2,0,0,0,3,7,7,0,3,623,3,0,3,2,1
2021-06-27,6,9,6,1,2,8,2,2,6,7,13,22,211,4512,4,1,0,1,3,2,0,0,0,3,7,7,0,3,632,3,0,3,2,1
2021-06-28,6,9,6,1,2,8,2,2,6,7,13,22,211,4512,4,1,0,1,3,2,0,0,0,3,7,7,0,3,635,3,0,3,2,1
2021-06-29,6,9,6,1,2,8,2,2,6,7,13,22,211,4512,4,1,0,1,3,2,0,0,0,3,7,7,0,3,643,3,0,3,2,1
2021-06-30,6,9,6,1,2,8,2,2,6,7,13,22,211,4512,4,1,0,1,3,2,0,0,0,3,7,7,0,3,648,3,0,3,2,1
2021-07-01,6,9,6,1,2,8,2,2,6,7,13,22,211,4512,4,1,0,1,3,2,0,0,0,3,7,7,0,3,661,3,0,3,2,1
2021-07-02,6,9,6,1,2,8,2,2,6,7,13,22,211,4512,4,1,0,1,3,2,0,0,0,3,7,7,0,3,676,3,0,3,2,1
2021-07-03,6,9,6,1,2,8,2,2,6,7,13,22,211,4512,4,1,0,1,3,2,0,0,0,3,7,7,0,3,686,3,0,3,2,1
2021-07-04,6,9,6,1,2,8,2,2,6,7,13,22,211,4512,4,1,0,1,3,2,0,0,0,3,7,7,0,3,688,3,0,3,2,1
2021-07-05,6,9,6,1,2,8,2,2,6,7,13,22,212,4512,4,1,0,1,3,2,0,0,0,3,7,7,0,3,689,3,0,3,2,1
2021-07-06,6,9,6,1,2,8,2,2,6,7,13,22,212,4512,4,1,0,1,3,2,0,0,0,3,7,7,0,3,706,3,0,3,2,1
2021-07-07,6,9,6,1,2,8,2,2,6,7,13,22,212,4512,4,1,0,1,3,2,0,0,0,3,7,7,0,3,715,3,0,3,2,1
2021-07-08,6,9,6,1,2,8,2,2,6,7,13,22,212,4512,4,1,0,1,3,2,0,0,0,3,7,7,0,3,718,3,0,3,2,1
2021-07-09,6,9,6,1,2,8,2,2,6,7,13,22,212,4512,4,1,0,1,3,2,0,0,0,3,7,7,0,3,730,3,0,3,2,1
2021-07-10,6,9,6,1,2,8,2,2,6,7,13,22,212,4512,4,1,0,1,3,2,0,0,0,3,7,7,0,3,736,3,0,3,2,1
2021-07-11,6,9,6,1,2,8,2,2,6,7,13,22,212,4512,4,1,0,1,3,2,0,0,0,3,7,7,0,3,740,3,0,3,2,1
2021-07-12,6,9,6,1,2,8,2,2,6,7,13,22,212,4512,4,1,0,1,3,2,0,0,0,3,7,7,0,3,741,3,0,3,2,1
2021-07-13,6,9,6,1,2,8,2,2,6,7,13,22,212,4512,4,1,0,1,3,2,0,0,0,3,7,7,0,3,747,3,0,3,2,1
2021-07-14,6,9,6,1,2,8,2,2,6,7,13,22,212,4512,4,1,0,1,3,2,0,0,0,3,7,7,0,3,753,3,0,3,2,1
2021-07-15,6,9,6,1,2,8,2,2,6,7,13,22,212,4512,4,1,0,1,3,2,0,0,0,3,7,7,0,3,759,3,0,3,2,1
2021-07-16,6,9,6,1,2,8,2,2,6,7,13,22,212,4512,4,1,0,1,3,2,0,0,0,3,7,7,0,3,763,3,0,3,2,1
2021-07-17,6,9,6,1,2,8,2,2,6,7,13,22,212,4512,4,1,0,1,3,2,0,0,0,3,7,7,0,3,764,3,0,3,2,1
2021-07-18,6,9,6,1,2,8,2,2,6,7,13,22,212,4512,4,1,0,1,3,2,0,0,0,3,7,7,0,3,768,3,0,3,2,1
2021-07-19,6,9,6,1,2,8,2,2,6,7,13,22,212,4512,4,1,0,1,3,2,0,0,0,3,7,7,0,3,769,3,0,3,2,1
2021-07-20,6,9,6,1,2,8,2,2,6,7,13,22,212,4512,4,1,0,1,3,2,0,0,0,3,7,7,0,3,773,3,0,3,2,1
2021-07-21,6,9,6,1,2,8,2,2,6,7,13,22,212,4512,4,1,0,1,3,2,0,0,0,3,7,7,0,3,778,3,0,3,2,1
2021-07-22,6,9,6,1,2,8,2,2,6,7,13,22,212,4512,4,1,0,1,3,2,0,0,0,3,7,7,0,3,782,3,0,3,2,1
2021-07-23,6,9,6,1,2,8,2,2,6,7,13,22,212,4512,4,1,0,1,3,2,0,0,0,3,7,7,0,3,784,3,0,3,2,1
2021-07-24,6,9,6,1,2,8,2,2,6,7,13,22,212,4512,4,1,0,1,3,2,0,0,0,3,7,7,0,3,786,3,0,3,2,1
2021-07-25,6,9,6,1,2,8,2,2,6,7,13,22,212,4512,4,1,0,1,3,2,0,0,0,3,7,7,0,3,786,3,0,3,2,1
2021-07-26,6,9,6,1,2,8,2,2,6,7,13,22,212,4512,4,1,0,1,3,2,0,0,0,3,7,7,0,3,786,3,0,3,2,1
2021-07-27,6,9,6,1,2,8,2,2,6,7,13,22,212,4512,4,1,0,1,3,2,0,0,0,3,7,7,0,3,787,3,0,3,2,1
2021-07-28,6,9,6,1,2,8,2,2,6,7,13,22,212,4512,4,1,0,1,3,2,0,0,0,3,7,7,0,3,787,3,0,3,2,1
2021-07-29,6,9,6,1,2,8,2,2,6,7,13,22,212,4512,4,1,0,1,3,2,0,0,0,3,7,7,0,3,787,3,0,3,2,1
2021-07-30,6,9,6,1,2,8,2,2,6,7,13,22,212,4512,4,1,0,1,3,2,0,0,0,3,7,7,0,3,787,3,0,3,2,1
2021-07-31,6,9,6,1,2,8,2,2,6,7,13,22,212,4512,4,1,0,1,3,2,0,0,0,3,7,7,0,3,787,3,0,3,2,1
2021-08-01,6,9,6,1,2,8,2,2,6,7,13,22,212,4512,4,1,0,1,3,2,0,0,0,3,7,7,0,3,789,3,0,3,2,1
2021-08-02,6,9,6,1,2,8,2,2,6,7,13,22,212,4512,4,1,0,1,3,2,0,0,0,3,7,7,0,3,789,3,0,3,2,1
2021-08-03,6,9,6,1,2,8,2,2,6,7,13,22,212,4512,4,1,0,1,3,2,0,0,0,3,7,7,0,3,791,3,0,3,2,1
2021-08-04,6,9,6,1,2,8,2,2,6,7,13,22,212,4512,4,1,0,1,3,2,0,0,0,3,7,7,0,3,791,3,0,3,2,1
2021-08-05,6,9,6,1,2,8,2,2,6,7,13,22,212,4512,4,1,0,1,3,2,0,0,0,3,7,7,0,3,791,3,0,3,2,1
2021-08-06,6,9,6,1,2,8,2,2,6,7,13,22,212,4512,4,1,0,1,3,2,0,0,0,3,7,7,0,3,794,3,0,3,2,1
2021-08-07,6,9,6,1,2,8,2,2,6,7,13,22,212,4512,4,1,0,1,3,2,0,0,0,3,7,7,0,3,806,3,0,3,2,1
2021-08-08,6,9,6,1,2,8,2,2,6,7,13,22,212,4512,4,1,0,1,3,2,0,0,0,3,7,7,0,3,809,3,0,3,2,1
2021-08-09,6,9,6,1,2,8,2,2,6,7,13,22,212,4512,4,1,0,1,3,2,0,0,0,3,7,7,0,3,813,3,0,3,2,1
2021-08-10,6,9,6,1,2,8,2,2,6,7,13,22,212,4512,4,1,0,1,3,2,0,0,0,3,7,7,0,3,814,3,0,3,2,1
2021-08-11,6,9,6,1,2,8,2,2,6,7,13,22,212,4512,4,1,0,1,3,2,0,0,0,3,7,7,0,3,816,3,0,3,2,1
2021-08-12,6,9,6,1,2,8,2,2,6,7,13,22,212,4512,4,1,0,1,3,2,0,0,0,3,7,7,0,3,817,3,0,3,2,1
2021-08-13,6,9,6,1,2,8,2,2,6,7,13,22,212,4512,4,1,0,1,3,2,0,0,0,3,7,7,0,3,819,3,0,3,2,1
2021-08-14,6,9,6,1,2,8,2,2,6,7,13,22,212,4512,4,1,0,1,3,2,0,0,0,3,7,7,0,3,821,3,0,3,2,1
2021-08-15,6,9,6,1,2,8,2,2,6,7,13,22,212,4512,4,1,0,1,3,2,0,0,0,3,7,7,0,3,821,3,0,3,2,1
2021-08-16,6,9,6,1,2,8,2,2,6,7,13,22,212,4512,4,1,0,1,3,2,0,0,0,3,7,7,0,3,821,3,0,3,2,1
2021-08-17,6,9,6,1,2,8,2,2,6,7,13,22,212,4512,4,1,0,1,3,2,0,0,0,3,7,7,0,3,821,3,0,3,2,1
2021-08-18,6,9,6,1,2,8,2,2,6,7,13,22,212,4512,4,1,0,1,3,2,0,0,0,3,7,7,0,3,821,3,0,3,2,1
2021-08-19,6,9,6,1,2,8,2,2,6,7,13,22,212,4512,4,1,0,1,3,2,0,0,0,3,7,7,0,3,826,3,0,3,2,1
2021-08-20,6,9,6,1,2,8,2,2,6,7,13,22,212,4512,4,1,0,1,3,2,0,0,0,3,7,7,0,3,827,3,0,3,2,1
2021-08-21,6,9,6,1,2,8,2,2,6,7,13,22,212,4512,4,1,0,1,3,2,0,0,0,3,7,7,0,3,828,3,0,3,2,1
2021-08-22,6,9,6,1,2,8,2,2,6,7,13,22,212,4512,4,1,0,1,3,2,0,0,0,3,7,7,0,3,828,3,0,3,2,1
2021-08-23,6,9,6,1,2,8,2,2,6,7,13,22,212,4512,4,1,0,1,3,2,0,0,0,3,7,7,0,3,828,3,0,3,2,1
2021-08-24,6,9,6,1,2,8,2,2,6,7,13,22,212,4512,4,1,0,1,3,2,0,0,0,3,7,7,0,3,829,3,0,3,2,1
2021-08-25,6,9,6,1,2,8,2,2,6,7,13,22,212,4512,4,1,0,1,3,2,0,0,0,3,7,7,0,3,830,3,0,3,2,1
2021-08-26,6,9,6,1,2,8,2,2,6,7,13,22,212,4512,4,1,0,1,3,2,0,0,0,3,7,7,0,3,832,3,0,3,2,1
2021-08-27,6,9,6,1,2,8,2,2,6,7,13,22,212,4512,4,1,0,1,3,2,0,0,0,3,7,7,0,3,833,3,0,3,2,1
2021-08-28,6,9,6,1,2,8,2,2,6,7,13,22,212,4512,4,1,0,1,3,2,0,0,0,3,7,7,0,3,833,3,0,3,2,1
2021-08-29,6,9,6,1,2,8,2,2,6,7,13,22,212,4512,4,1,0,1,3,2,0,0,0,3,7,7,0,3,834,3,0,3,2,1
2021-08-30,6,9,6,1,2,8,2,2,6,7,13,22,212,4512,4,1,0,1,3,2,0,0,0,3,7,7,0,3,834,3,0,3,2,1
2021-08-31,6,9,6,1,2,8,2,2,6,7,13,22,212,4512,4,1,0,1,3,2,0,0,0,3,7,7,0,3,835,3,0,3,2,1
2021-09-01,6,9,6,1,2,8,2,2,6,7,13,22,212,4512,4,1,0,1,3,2,0,0,0,3,7,7,0,3,836,3,0,3,2,1
2021-09-02,6,9,6,1,2,8,2,2,6,7,13,22,212,4512,4,1,0,1,3,2,0,0,0,3,7,7,0,3,837,3,0,3,2,1
2021-09-03,6,9,6,1,2,8,2,2,6,7,13,22,212,4512,4,1,0,1,3,2,0,0,0,3,7,7,0,3,837,3,0,3,2,1
2021-09-04,6,9,6,1,2,8,2,2,6,7,13,22,212,4512,4,1,0,1,3,2,0,0,0,3,7,7,0,3,837,3,0,3,2,1
2021-09-05,6,9,6,1,2,8,2,2,6,7,13,22,212,4512,4,1,0,1,3,2,0,0,0,3,7,7,0,3,837,3,0,3,2,1
2021-09-06,6,9,6,1,2,8,2,2,6,7,13,22,212,4512,4,1,0,1,3,2,0,0,0,3,7,7,0,3,837,3,0,3,2,1
2021-09-07,6,9,6,1,2,8,2,2,6,7,13,22,212,4512,4,1,0,1,3,2,0,0,0,3,7,7,0,3,837,3,0,3,2,1
2021-09-08,6,9,6,1,2,8,2,2,6,7,13,22,212,4512,4,1,0,1,3,2,0,0,0,3,7,7,0,3,837,3,0,3,2,1
2021-09-09,6,9,6,1,2,8,2,2,6,7,13,22,212,4512,4,1,0,1,3,2,0,0,0,3,7,7,0,3,838,3,0,3,2,1
2021-09-10,6,9,6,1,2,8,2,2,6,7,13,22,212,4512,4,1,0,1,3,2,0,0,0,3,7,7,0,3,839,3,0,3,2,1
2021-09-11,6,9,6,1,2,8,2,2,6,7,13,22,212,4512,4,1,0,1,3,2,0,0,0,3,7,7,0,3,839,3,0,3,2,1
2021-09-12,6,9,6,1,2,8,2,2,6,7,13,22,212,4512,4,1,0,1,3,2,0,0,0,3,7,7,0,3,839,3,0,3,2,1
2021-09-13,6,9,6,1,2,8,2,2,6,7,13,22,213,4512,4,1,0,1,3,2,0,0,0,3,7,7,0,3,839,3,0,3,2,1
2021-09-14,6,9,6,1,2,8,2,2,6,7,13,22,213,4512,4,1,0,1,3,2,0,0,0,3,7,7,0,3,839,3,0,3,2,1
2021-09-15,6,9,6,1,2,8,2,2,6,7,13,22,213,4512,4,1,0,1,3,2,0,0,0,3,7,7,0,3,839,3,0,3,2,1
2021-09-16,6,9,6,1,2,8,2,2,6,7,13,22,213,4512,4,1,0,1,3,2,0,0,0,3,7,7,0,3,839,3,0,3,2,1
2021-09-17,6,9,6,1,2,8,2,2,6,7,13,22,213,4512,4,1,0,1,3,2,0,0,0,3,7,7,0,3,839,3,0,3,2,1
2021-09-18,6,9,6,1,2,8,2,2,6,7,13,22,213,4512,4,1,0,1,3,2,0,0,0,3,7,7,0,3,839,3,0,3,2,1
2021-09-19,6,9,6,1,2,8,2,2,6,7,13,22,213,4512,4,1,0,1,3,2,0,0,0,3,7,7,0,3,840,3,0,3,2,1
2021-09-20,6,9,6,1,2,8,2,2,6,7,13,22,213,4512,4,1,0,1,3,2,0,0,0,3,7,7,0,3,840,3,0,3,2,1
2021-09-21,6,9,6,1,2,8,2,2,6,7,13,22,213,4512,4,1,0,1,3,2,0,0,0,3,7,7,0,3,840,3,0,3,2,1
2021-09-22,6,9,6,1,2,8,2,2,6,7,13,22,213,4512,4,1,0,1,3,2,0,0,0,3,7,7,0,3,841,3,0,3,2,1
2021-09-23,6,9,6,1,2,8,2,2,6,7,13,22,213,4512,4,1,0,1,3,2,0,0,0,3,7,7,0,3,841,3,0,3,2,1
2021-09-24,6,9,6,1,2,8,2,2,6,7,13,22,213,4512,4,1,0,1,3,2,0,0,0,3,7,7,0,3,841,3,0,3,2,1
2021-09-25,6,9,6,1,2,8,2,2,6,7,13,22,213,4512,4,1,0,1,3,2,0,0,0,3,7,7,0,3,841,3,0,3,2,1
2021-09-26,6,9,6,1,2,8,2,2,6,7,13,22,213,4512,4,1,0,1,3,2,0,0,0,3,7,7,0,3,841,3,0,3,2,1
2021-09-27,6,9,6,1,2,8,2,2,6,7,13,22,213,4512,4,1,0,1,3,2,0,0,0,3,7,7,0,3,842,3,0,3,2,1
2021-09-28,6,9,6,1,2,8,2,2,6,7,13,22,213,4512,4,1,0,1,3,2,0,0,0,3,7,7,0,3,842,3,0,3,2,1
2021-09-29,6,9,6,1,2,8,2,2,6,7,13,22,213,4512,4,1,0,1,3,2,0,0,0,3,7,7,0,3,842,3,0,3,2,1
2021-09-30,6,9,6,1,2,8,2,2,6,7,13,22,213,4512,4,1,0,1,3,2,0,0,0,3,7,7,0,3,842,3,0,3,2,1
2021-10-01,6,9,6,1,2,8,2,2,6,7,13,22,213,4512,4,1,0,1,3,2,0,0,0,3,7,7,0,3,843,3,0,3,2,1
2021-10-02,6,9,6,1,2,8,2,2,6,7,13,22,213,4512,4,1,0,1,3,2,0,0,0,3,7,7,0,3,843,3,0,3,2,1
2021-10-03,6,9,6,1,2,8,2,2,6,7,13,22,213,4512,4,1,0,1,3,2,0,0,0,3,7,7,0,3,843,3,0,3,2,1
2021-10-04,6,9,6,1,2,8,2,2,6,7,13,22,213,4512,4,1,0,1,3,2,0,0,0,3,7,7,0,3,844,3,0,3,2,1
2021-10-05,6,9,6,1,2,8,2,2,6,7,13,22,213,4512,4,1,0,1,3,2,0,0,0,3,7,7,0,3,844,3,0,3,2,1
2021-10-06,6,9,6,1,2,8,2,2,6,7,13,22,213,4512,4,1,0,1,3,2,0,0,0,3,7,7,0,3,844,3,0,3,2,1
2021-10-07,6,9,6,1,2,8,2,2,6,7,13,22,213,4512,4,1,0,1,3,2,0,0,0,3,7,7,0,3,844,3,0,3,2,1
2021-10-08,6,9,6,1,2,8,2,2,6,7,13,22,213,4512,4,1,0,1,3,2,0,0,0,3,7,7,0,3,845,3,0,3,2,1
2021-10-09,6,9,6,1,2,8,2,2,6,7,13,22,213,4512,4,1,0,1,3,2,0,0,0,3,7,7,0,3,846,3,0,3,2,1
2021-10-10,6,9,6,1,2,8,2,2,6,7,13,22,213,4512,4,1,0,1,3,2,0,0,0,3,7,7,0,3,846,3,0,3,2,1
2021-10-11,6,9,6,1,2,8,2,2,6,7,13,22,213,4512,4,1,0,1,3,2,0,0,0,3,7,7,0,3,846,3,0,3,2,1
2021-10-12,6,9,6,1,2,8,2,2,6,7,13,22,213,4512,4,1,0,1,3,2,0,0,0,3,7,7,0,3,846,3,0,3,2,1
2021-10-13,6,9,6,1,2,8,2,2,6,7,13,22,213,4512,4,1,0,1,3,2,0,0,0,3,7,7,0,3,846,3,0,3,2,1
2021-10-14,6,9,6,1,2,8,2,2,6,7,13,22,213,4512,4,1,0,1,3,2,0,0,0,3,7,7,0,3,846,3,0,3,2,1
2021-10-15,6,9,6,1,2,8,2,2,6,7,13,22,213,4512,4,1,0,1,3,2,0,0,0,3,7,7,0,3,846,3,0,3,2,1
2021-10-16,6,9,6,1,2,8,2,2,6,7,13,22,213,4512,4,1,0,1,3,2,0,0,0,3,7,7,0,3,846,3,0,3,2,1
2021-10-17,6,9,6,1,2,8,2,2,6,7,13,22,213,4512,4,1,0,1,3,2,0,0,0,3,7,7,0,3,846,3,0,3,2,1
2021-10-18,6,9,6,1,2,8,2,2,6,7,13,22,213,4512,4,1,0,1,3,2,0,0,0,3,7,7,0,3,846,3,0,3,2,1
2021-10-19,6,9,6,1,2,8,2,2,6,7,13,22,213,4512,4,1,0,1,3,2,0,0,0,3,7,7,0,3,846,3,0,3,2,1
2021-10-20,6,9,6,1,2,8,2,2,6,7,13,22,213,4512,4,1,0,1,3,2,0,0,0,3,7,7,0,3,846,3,0,3,2,1
2021-10-21,6,9,6,1,2,8,2,2,6,7,13,22,213,4512,4,1,0,1,3,2,0,0,0,3,7,7,0,3,846,3,0,3,2,1
2021-10-22,6,9,6,1,2,8,2,2,6,7,13,22,213,4512,4,1,0,1,3,2,0,0,0,3,7,7,0,3,846,3,0,3,2,1
2021-10-23,6,9,6,1,2,8,2,2,6,7,13,22,213,4512,4,1,0,1,3,2,0,0,0,3,7,7,0,3,846,3,0,3,2,1
2021-10-24,6,9,6,1,2,8,2,2,6,7,13,22,213,4512,4,1,0,1,3,2,0,0,0,3,7,7,0,3,846,3,0,3,2,1
2021-10-25,6,9,6,1,2,8,2,2,6,7,13,22,213,4512,4,1,0,1,3,2,0,0,0,3,7,7,0,3,847,3,0,3,2,1
2021-10-26,6,9,6,1,2,8,2,2,6,7,13,22,213,4512,4,1,0,1,3,2,0,0,0,3,7,7,0,3,847,3,0,3,2,1
2021-10-27,6,9,6,1,2,8,2,2,6,7,13,22,213,4512,4,1,0,1,3,2,0,0,0,3,7,7,0,3,847,3,0,3,2,1
2021-10-28,6,9,6,1,2,8,2,2,6,7,13,22,213,4512,4,1,0,1,3,2,0,0,0,3,7,7,0,3,847,3,0,3,2,1
2021-10-29,6,9,6,1,2,8,2,2,6,7,13,22,213,4512,4,1,0,1,3,2,0,0,0,3,7,7,0,3,847,3,0,3,2,1
2021-10-30,6,9,6,1,2,8,2,2,6,7,13,22,213,4512,4,1,0,1,3,2,0,0,0,3,7,7,0,3,847,3,0,3,2,1
2021-10-31,6,9,6,1,2,8,2,2,6,7,13,22,213,4512,4,1,0,1,3,2,0,0,0,3,7,7,0,3,847,3,0,3,2,1
2021-11-01,6,9,6,1,2,8,2,2,6,7,13,22,213,4512,4,1,0,1,3,2,0,0,0,3,7,7,0,3,847,3,0,3,2,1
2021-11-02,6,9,6,1,2,8,2,2,6,7,13,22,213,4512,4,1,0,1,3,2,0,0,0,3,7,7,0,3,847,3,0,3,2,1
2021-11-03,6,9,6,1,2,8,2,2,6,7,13,22,213,4512,4,1,0,1,3,2,0,0,0,3,7,7,0,3,847,3,0,3,2,1
2021-11-04,6,9,6,1,2,8,2,2,6,7,13,22,213,4512,4,1,0,1,3,2,0,0,0,3,7,7,0,3,847,3,0,3,2,1
2021-11-05,6,9,6,1,2,8,2,2,6,7,13,22,213,4512,4,1,0,1,3,2,0,0,0,3,7,7,0,3,847,3,0,3,2,1
2021-11-06,6,9,6,1,2,8,2,2,6,7,13,22,213,4512,4,1,0,1,3,2,0,0,0,3,7,7,0,3,847,3,0,3,2,1
2021-11-07,6,9,6,1,2,8,2,2,6,7,13,22,213,4512,4,1,0,1,3,2,0,0,0,3,7,7,0,3,847,3,0,3,2,1
2021-11-08,6,9,6,1,2,8,2,2,6,7,13,22,213,4512,4,1,0,1,3,2,0,0,0,3,7,7,0,3,847,3,0,3,2,1
2021-11-09,6,9,6,1,2,8,2,2,6,7,13,22,213,4512,4,1,0,1,3,2,0,0,0,3,7,7,0,3,848,3,0,3,2,1
2021-11-10,6,9,6,1,2,8,2,2,6,7,13,22,213,4512,4,1,0,1,3,2,0,0,0,3,7,7,0,3,848,3,0,3,2,1
2021-11-11,6,9,6,1,2,8,2,2,6,7,13,22,213,4512,4,1,0,1,3,2,0,0,0,3,7,7,0,3,848,3,0,3,2,1
2021-11-12,6,9,6,1,2,8,2,2,6,7,13,22,213,4512,4,1,0,1,3,2,0,0,0,3,7,7,0,3,848,3,0,3,2,1
2021-11-13,6,9,6,1,2,8,2,2,6,7,13,22,213,4512,4,1,0,1,3,2,0,0,0,3,7,7,0,3,848,3,0,3,2,1
2021-11-14,6,9,6,1,2,8,2,2,6,7,13,22,213,4512,4,1,0,1,3,2,0,0,0,3,7,7,0,3,848,3,0,3,2,1
2021-11-15,6,9,6,1,2,8,2,2,6,7,13,22,213,4512,4,1,0,1,3,2,0,0,0,3,7,7,0,3,848,3,0,3,2,1
2021-11-16,6,9,6,1,2,8,2,2,6,7,13,22,213,4512,4,1,0,1,3,2,0,0,0,3,7,7,0,3,848,3,0,3,2,1
2021-11-17,6,9,6,1,2,8,2,2,6,7,13,22,213,4512,4,1,0,1,3,2,0,0,0,3,7,7,0,3,848,3,0,3,2,1
2021-11-18,6,9,6,1,2,8,2,2,6,7,13,22,213,4512,4,1,0,1,3,2,0,0,0,3,7,7,0,3,848,3,0,3,2,1
2021-11-19,6,9,6,1,2,8,2,2,6,7,13,22,213,4512,4,1,0,1,3,2,0,0,0,3,7,7,0,3,848,3,0,3,2,1
2021-11-20,6,9,6,1,2,8,2,2,6,7,13,22,213,4512,4,1,0,1,3,2,0,0,0,3,7,7,0,3,848,3,0,3,2,1
2021-11-21,6,9,6,1,2,8,2,2,6,7,13,22,213,4512,4,1,0,1,3,2,0,0,0,3,7,7,0,3,848,3,0,3,2,1
2021-11-22,6,9,6,1,2,8,2,2,6,7,13,22,213,4512,4,1,0,1,3,2,0,0,0,3,7,7,0,3,848,3,0,3,2,1
2021-11-23,6,9,6,1,2,8,2,2,6,7,13,22,213,4512,4,1,0,1,3,2,0,0,0,3,7,7,0,3,848,3,0,3,2,1
2021-11-24,6,9,6,1,2,8,2,2,6,7,13,22,213,4512,4,1,0,1,3,2,0,0,0,3,7,7,0,3,848,3,0,3,2,1
2021-11-25,6,9,6,1,2,8,2,2,6,7,13,22,213,4512,4,1,0,1,3,2,0,0,0,3,7,7,0,3,848,3,0,3,2,1
2021-11-26,6,9,6,1,2,8,2,2,6,7,13,22,213,4512,4,1,0,1,3,2,0,0,0,3,7,7,0,3,848,3,0,3,2,1
2021-11-27,6,9,6,1,2,8,2,2,6,7,13,22,213,4512,4,1,0,1,3,2,0,0,0,3,7,7,0,3,848,3,0,3,2,1
2021-11-28,6,9,6,1,2,8,2,2,6,7,13,22,213,4512,4,1,0,1,3,2,0,0,0,3,7,7,0,3,848,3,0,3,2,1
2021-11-29,6,9,6,1,2,8,2,2,6,7,13,22,213,4512,4,1,0,1,3,2,0,0,0,3,7,7,0,3,848,3,0,3,2,1
2021-11-30,6,9,6,1,2,8,2,2,6,7,13,22,213,4512,4,1,0,1,3,2,0,0,0,3,7,7,0,3,848,3,0,3,2,1
2021-12-01,6,9,6,1,2,8,2,2,6,7,13,22,213,4512,4,1,0,1,3,2,0,0,0,3,7,7,0,3,848,3,0,3,2,1
2021-12-02,6,9,6,1,2,8,2,2,6,7,13,22,213,4512,4,1,0,1,3,2,0,0,0,3,7,7,0,3,848,3,0,3,2,1
2021-12-03,6,9,6,1,2,8,2,2,6,7,13,22,213,4512,4,1,0,1,3,2,0,0,0,3,7,7,0,3,848,3,0,3,2,1
2021-12-04,6,9,6,1,2,8,2,2,6,7,13,22,213,4512,4,1,0,1,3,2,0,0,0,3,7,7,0,3,848,3,0,3,2,1
2021-12-05,6,9,6,1,2,8,2,2,6,7,13,22,213,4512,4,1,0,1,3,2,0,0,0,3,7,7,0,3,848,3,0,3,2,1
2021-12-06,6,9,6,1,2,8,2,2,6,7,13,22,213,4512,4,1,0,1,3,2,0,0,0,3,7,7,0,3,848,3,0,3,2,1
2021-12-07,6,9,6,1,2,8,2,2,6,7,13,22,213,4512,4,1,0,1,3,2,0,0,0,3,7,7,0,3,848,3,0,3,2,1
2021-12-08,6,9,6,1,2,8,2,2,6,7,13,22,213,4512,4,1,0,1,3,2,0,0,0,3,7,7,0,3,848,3,0,3,2,1
2021-12-09,6,9,6,1,2,8,2,2,6,7,13,22,213,4512,4,1,0,1,3,2,0,0,0,3,7,7,0,3,848,3,0,3,2,1
2021-12-10,6,9,6,1,2,8,2,2,6,7,13,22,213,4512,4,1,0,1,3,2,0,0,0,3,7,7,0,3,848,3,0,3,2,1
2021-12-11,6,9,6,1,2,8,2,2,6,7,13,22,213,4512,4,1,0,1,3,2,0,0,0,3,7,7,0,3,848,3,0,3,2,1
2021-12-12,6,9,6,1,2,8,2,2,6,7,13,22,213,4512,4,1,0,1,3,2,0,0,0,3,7,7,0,3,848,3,0,3,2,1
2021-12-13,6,9,6,1,2,8,2,2,6,7,13,22,213,4512,4,1,0,1,3,2,0,0,0,3,7,7,0,3,848,3,0,3,2,1
2021-12-14,6,9,6,1,2,8,2,2,6,7,13,22,213,4512,4,1,0,1,3,2,0,0,0,3,7,7,0,3,848,3,0,3,2,1
2021-12-15,6,9,6,1,2,8,2,2,6,7,13,22,213,4512,4,1,0,1,3,2,0,0,0,3,7,7,0,3,849,3,0,3,2,1
2021-12-16,6,9,6,1,2,8,2,2,6,7,13,22,213,4512,4,1,0,1,3,2,0,0,0,3,7,7,0,3,849,3,0,3,2,1
2021-12-17,6,9,6,1,2,8,2,2,6,7,13,22,213,4512,4,1,0,1,3,2,0,0,0,3,7,7,0,3,849,3,0,3,2,1
2021-12-18,6,9,6,1,2,8,2,2,6,7,13,22,213,4512,4,1,0,1,3,2,0,0,0,3,7,7,0,3,849,3,0,3,2,1
2021-12-19,6,9,6,1,2,8,2,2,6,7,13,22,213,4512,4,1,0,1,3,2,0,0,0,3,7,7,0,3,850,3,0,3,2,1
2021-12-20,6,9,6,1,2,8,2,2,6,7,13,22,213,4512,4,1,0,1,3,2,0,0,0,3,7,7,0,3,850,3,0,3,2,1
2021-12-21,6,9,6,1,2,8,2,2,6,7,13,22,213,4512,4,1,0,1,3,2,0,0,0,3,7,7,0,3,850,3,0,3,2,1
2021-12-22,6,9,6,1,2,8,2,2,6,7,13,22,213,4512,4,1,0,1,3,2,0,0,0,3,7,7,0,3,850,3,0,3,2,1
2021-12-23,6,9,6,1,2,8,2,2,6,7,13,22,213,4512,4,1,0,1,3,2,0,0,0,3,7,7,0,3,850,3,0,3,2,1
2021-12-24,6,9,6,1,2,8,2,2,6,7,13,22,213,4512,4,1,0,1,3,2,0,0,0,3,7,7,0,3,850,3,0,3,2,1
2021-12-25,6,9,6,1,2,8,2,2,6,7,13,22,213,4512,4,1,0,1,3,2,0,0,0,3,7,7,0,3,850,3,0,3,2,1
2021-12-26,6,9,6,1,2,8,2,2,6,7,13,22,213,4512,4,1,0,1,3,2,0,0,0,3,7,7,0,3,850,3,0,3,2,1
2021-12-27,6,9,6,1,2,8,2,2,6,7,13,22,213,4512,4,1,0,1,3,2,0,0,0,3,7,7,0,3,850,3,0,3,2,1
2021-12-28,6,9,6,1,2,8,2,2,6,7,13,22,213,4512,4,1,0,1,3,2,0,0,0,3,7,7,0,3,850,3,0,3,2,1
2021-12-29,6,9,6,1,2,8,2,2,6,7,13,22,213,4512,4,1,0,1,3,2,0,0,0,3,7,7,0,3,850,3,0,3,2,1
2021-12-30,6,9,6,1,2,8,2,2,6,7,13,22,213,4512,4,1,0,1,3,2,0,0,0,3,7,7,0,3,850,3,0,3,2,1
2021-12-31,6,9,6,1,2,8,2,2,6,7,13,22,213,4512,4,1,0,1,3,2,0,0,0,3,7,7,0,3,850,3,0,3,2,1
2022-01-01,6,9,6,1,2,8,2,2,6,7,13,22,213,4512,4,1,0,1,3,2,0,0,0,3,7,7,0,3,850,3,0,3,2,1
2022-01-02,6,9,6,1,2,8,2,2,6,7,13,22,213,4512,4,1,0,1,3,2,0,0,0,3,7,7,0,3,850,3,0,3,2,1
2022-01-03,6,9,6,1,2,8,2,2,6,7,13,22,213,4512,4,1,0,1,3,2,0,0,0,3,7,7,0,3,850,3,0,3,2,1
2022-01-04,6,9,6,1,2,8,2,2,6,7,13,22,213,4512,4,1,0,1,3,2,0,0,0,3,7,7,0,3,850,3,0,3,2,1
2022-01-05,6,9,6,1,2,8,2,2,6,7,13,22,213,4512,4,1,0,1,3,2,0,0,0,3,7,7,0,3,850,3,0,3,2,1
2022-01-06,6,9,6,1,2,8,2,2,6,7,13,22,213,4512,4,1,0,1,3,2,0,0,0,3,7,7,0,3,850,3,0,3,2,1
2022-01-07,6,9,6,1,2,8,2,2,6,7,13,22,213,4512,4,1,0,1,3,2,0,0,0,3,7,7,0,3,850,3,0,3,2,1
2022-01-08,6,9,6,1,2,8,2,2,6,7,13,22,213,4512,4,1,0,1,3,2,0,0,0,3,7,7,0,3,850,3,0,3,2,1
2022-01-09,6,9,6,1,2,8,2,2,6,7,13,22,213,4512,4,1,0,1,3,2,0,0,0,3,7,7,0,3,850,3,0,3,2,1
2022-01-10,6,9,6,1,2,8,2,2,6,7,13,22,213,4512,4,1,0,1,3,2,0,0,0,3,7,7,0,3,850,3,0,3,2,1
2022-01-11,6,9,6,1,2,8,2,2,6,7,13,22,213,4512,4,1,0,1,3,2,0,0,0,3,7,7,0,3,850,3,0,3,2,1
2022-01-12,6,9,6,1,2,8,2,2,6,7,13,22,213,4512,4,1,0,1,3,2,0,0,0,3,7,7,0,3,850,3,0,3,2,1
2022-01-13,6,9,6,1,2,8,2,2,6,7,13,22,213,4512,4,1,0,1,3,2,0,0,0,3,7,7,0,3,851,3,0,3,2,1
2022-01-14,6,9,6,1,2,8,2,2,6,7,13,22,213,4512,4,1,0,1,3,2,0,0,0,3,7,7,0,3,851,3,0,3,2,1
2022-01-15,6,9,6,1,2,8,2,2,6,7,13,22,213,4512,4,1,0,1,3,2,0,0,0,3,7,7,0,3,851,3,0,3,2,1
2022-01-16,6,9,6,1,2,8,2,2,6,7,13,22,213,4512,4,1,0,1,3,2,0,0,0,3,7,7,0,3,851,3,0,3,2,1
2022-01-17,6,9,6,1,2,8,2,2,6,7,13,22,213,4512,4,1,0,1,3,2,0,0,0,3,7,7,0,3,851,3,0,3,2,1
2022-01-18,6,9,6,1,2,8,2,2,6,7,13,22,213,4512,4,1,0,1,3,2,0,0,0,3,7,7,0,3,851,3,0,3,2,1
2022-01-19,6,9,6,1,2,8,2,2,6,7,13,22,213,4512,4,1,0,1,3,2,0,0,0,3,7,7,0,3,851,3,0,3,2,1
2022-01-20,6,9,6,1,2,8,2,2,6,7,13,22,213,4512,4,1,0,1,3,2,0,0,0,3,7,7,0,3,851,3,0,3,2,1
2022-01-21,6,9,6,1,2,8,2,2,6,7,13,22,213,4512,4,1,0,1,3,2,0,0,0,3,7,7,0,3,851,3,0,3,2,1
2022-01-22,6,9,6,1,2,8,2,2,6,7,13,22,213,4512,4,1,0,1,3,2,0,0,0,3,7,7,0,3,851,3,0,3,2,1
2022-01-23,6,9,6,1,2,8,2,2,6,7,13,22,213,4512,4,1,0,1,3,2,0,0,0,3,7,7,0,3,851,3,0,3,2,1
2022-01-24,6,9,6,1,2,8,2,2,6,7,13,22,213,4512,4,1,0,1,3,2,0,0,0,3,7,7,0,3,851,3,0,3,2,1
2022-01-25,6,9,6,1,2,8,2,2,6,7,13,22,213,4512,4,1,0,1,3,2,0,0,0,3,7,7,0,3,851,3,0,3,2,1
2022-01-26,6,9,6,1,2,8,2,2,6,7,13,22,213,4512,4,1,0,1,3,2,0,0,0,3,7,7,0,3,851,3,0,3,2,1
2022-01-27,6,9,6,1,2,8,2,2,6,7,13,22,213,4512,4,1,0,1,3,2,0,0,0,3,7,7,0,3,851,3,0,3,2,1
2022-01-28,6,9,6,1,2,8,2,2,6,7,13,22,213,4512,4,1,0,1,3,2,0,0,0,3,7,7,0,3,851,3,0,3,2,1
2022-01-29,6,9,6,1,2,8,2,2,6,7,13,22,213,4512,4,1,0,1,3,2,0,0,0,3,7,7,0,3,851,3,0,3,2,1
2022-01-30,6,9,6,1,2,8,2,2,6,7,13,22,213,4512,4,1,0,1,3,2,0,0,0,3,7,7,0,3,851,3,0,3,2,1
2022-01-31,6,9,6,1,2,8,2,2,6,7,13,22,213,4512,4,1,0,1,3,2,0,0,0,3,7,7,0,3,851,3,0,3,2,1
2022-02-01,6,9,6,1,2,8,2,2,6,7,13,22,213,4512,4,1,0,1,3,2,0,0,0,3,7,7,0,3,851,3,0,3,2,1
2022-02-02,6,9,6,1,2,8,2,2,6,7,13,22,213,4512,4,1,0,1,3,2,0,0,0,3,7,7,0,3,851,3,0,3,2,1
2022-02-03,6,9,6,1,2,8,2,2,6,7,13,22,213,4512,4,1,0,1,3,2,0,0,0,3,7,7,0,3,851,3,0,3,2,1
2022-02-04,6,9,6,1,2,8,2,2,6,7,13,22,213,4512,4,1,0,1,3,2,0,0,0,3,7,7,0,3,851,3,0,3,2,1
2022-02-05,6,9,6,1,2,8,2,2,6,7,13,22,213,4512,4,1,0,1,3,2,0,0,0,3,7,7,0,3,851,3,0,3,2,1
2022-02-06,6,9,6,1,2,8,2,2,6,7,13,22,213,4512,4,1,0,1,3,2,0,0,0,3,7,7,0,3,851,3,0,3,2,1
2022-02-07,6,9,6,1,2,8,2,2,6,7,13,22,213,4512,4,1,0,1,3,2,0,0,0,3,7,7,0,3,851,3,0,3,2,1
2022-02-08,6,9,6,1,2,8,2,2,6,7,13,22,213,4512,4,1,0,1,3,2,0,0,0,3,7,7,0,3,851,3,0,3,2,1
2022-02-09,6,9,6,1,2,8,2,2,6,7,13,22,215,4512,4,1,0,1,3,2,0,0,0,3,7,7,0,3,851,3,0,3,2,1
2022-02-10,6,9,6,1,2,8,2,2,6,7,13,22,216,4512,4,1,0,1,3,2,0,0,0,3,7,7,0,3,851,3,0,3,2,1
2022-02-11,6,9,6,1,2,8,2,2,6,7,13,22,216,4512,4,1,0,1,3,2,0,0,0,3,7,7,0,3,851,3,0,3,2,1
2022-02-12,6,9,6,1,2,8,2,2,6,7,13,22,219,4512,4,1,0,1,3,2,0,0,0,3,7,7,0,3,851,3,0,3,2,1
2022-02-13,6,9,6,1,2,8,2,2,6,7,13,22,219,4512,4,1,0,1,3,2,0,0,0,3,7,7,0,3,851,3,0,3,2,1
2022-02-14,6,9,6,1,2,8,2,2,6,7,13,22,221,4512,4,1,0,1,3,2,0,0,0,3,7,7,0,3,851,3,0,3,2,1
2022-02-15,6,9,6,1,2,8,2,2,6,7,13,22,224,4512,4,1,0,1,3,2,0,0,0,3,7,7,0,3,852,3,0,3,2,1
2022-02-16,6,9,6,1,2,8,2,2,6,7,13,22,227,4512,4,1,0,1,3,2,0,0,0,3,7,7,0,3,852,3,0,3,2,1
2022-02-17,6,9,6,1,2,8,2,2,6,7,13,22,238,4512,4,1,0,1,3,2,0,0,0,3,7,7,0,3,852,3,0,3,2,1
2022-02-18,6,9,6,1,2,8,2,2,6,7,13,22,259,4512,4,1,0,1,3,2,0,0,0,3,7,7,0,3,852,3,0,3,2,1
2022-02-19,6,9,6,1,2,8,2,2,6,7,13,22,276,4512,4,1,0,1,3,2,0,0,0,3,7,7,0,3,852,3,0,3,2,1
2022-02-20,6,9,6,1,2,8,2,2,6,7,13,22,288,4512,4,1,0,1,3,2,0,0,0,3,7,7,0,3,852,3,0,3,2,1
2022-02-21,6,9,6,1,2,8,2,2,6,7,13,22,300,4512,4,1,0,1,3,2,0,0,0,3,7,7,0,3,852,3,0,3,2,1
2022-02-22,6,9,6,1,2,8,2,2,6,7,13,22,336,4512,4,1,0,1,3,2,0,0,0,3,7,7,0,3,852,3,0,3,2,1
2022-02-23,6,9,6,1,2,8,2,2,6,7,13,22,385,4512,4,1,0,1,3,2,0,0,0,3,7,7,0,3,852,3,0,3,2,1
2022-02-24,6,9,6,1,2,8,2,2,6,7,13,22,425,4512,4,1,0,1,3,2,0,0,0,3,7,7,0,3,852,3,0,3,2,1
2022-02-25,6,9,6,1,2,8,2,2,6,7,13,22,497,4512,4,1,0,1,3,2,0,0,0,3,7,7,0,3,853,3,0,3,2,1
2022-02-26,6,9,6,1,2,8,2,2,6,7,13,22,577,4512,4,1,0,1,3,2,0,0,0,3,7,7,0,3,853,3,0,3,2,1
2022-02-27,6,9,6,1,2,8,2,2,6,7,13,22,659,4512,4,1,0,1,3,2,0,0,0,3,7,7,0,3,853,3,0,3,2,1
2022-02-28,6,9,6,1,2,8,2,2,6,7,13,22,744,4512,4,1,0,1,3,2,0,0,0,3,7,7,0,3,853,3,0,3,2,1
2022-03-01,6,9,6,1,2,8,2,2,6,7,13,22,990,4512,4,1,0,1,3,2,0,0,0,3,7,7,0,3,853,3,0,3,2,1
2022-03-02,6,9,6,1,2,8,2,2,6,7,13,22,1168,4512,4,1,0,1,3,2,0,0,0,3,7,7,0,3,853,3,0,3,2,1
2022-03-03,6,9,6,1,2,8,2,2,6,7,13,22,1366,4512,4,1,0,1,3,2,0,0,0,3,7,7,0,3,853,3,0,3,2,1
2022-03-04,6,9,6,1,2,8,2,2,6,7,13,22,1554,4512,4,1,0,1,3,2,0,0,0,3,7,7,0,3,853,3,0,3,2,1
2022-03-05,6,9,6,1,2,8,2,2,6,7,13,22,1774,4512,4,1,0,1,3,2,0,0,0,3,7,7,0,3,853,3,0,3,2,1
2022-03-06,6,9,6,1,2,8,2,2,6,7,13,22,2007,4512,4,1,0,1,3,2,0,0,0,3,7,7,0,3,853,3,0,3,2,1
2022-03-07,6,9,6,1,2,8,2,2,6,7,13,22,2287,4512,4,1,0,1,3,2,0,0,0,3,7,7,0,3,853,3,0,3,2,1
2022-03-08,6,9,6,1,2,8,2,2,6,7,13,22,2578,4512,4,1,0,1,3,2,0,0,0,3,7,7,0,3,853,3,0,3,2,1
2022-03-09,6,9,6,1,2,8,2,2,6,7,13,22,2869,4512,4,1,0,1,3,2,0,0,0,3,7,7,0,3,853,3,0,3,2,1
2022-03-10,6,9,6,1,2,8,2,2,6,7,13,22,3150,4512,4,1,0,1,3,2,0,0,0,3,7,7,0,3,853,3,0,3,2,1
2022-03-11,6,9,6,1,2,8,2,2,6,7,13,22,3444,4512,4,1,0,1,3,2,0,0,0,3,7,7,0,3,853,3,0,3,2,1
2022-03-12,6,9,6,1,2,8,2,2,6,7,13,22,3729,4512,4,1,0,1,3,2,0,0,0,3,7,7,0,3,853,3,0,3,2,1
2022-03-13,6,9,6,1,2,8,2,2,6,7,13,22,3993,4512,4,1,0,1,3,2,0,0,0,3,7,7,0,3,853,3,0,3,2,1
2022-03-14,6,9,6,1,2,8,2,2,6,7,13,22,4279,4512,4,1,0,1,3,2,0,0,0,3,7,7,0,3,853,3,0,3,2,1
2022-03-15,6,9,6,1,2,8,2,2,6,7,13,22,4568,4512,4,1,0,1,3,2,0,0,0,3,7,7,0,3,853,3,0,3,2,1
2022-03-16,6,9,6,1,2,8,2,2,6,7,13,22,4847,4512,4,1,0,1,3,2,0,0,0,3,7,7,0,3,853,3,0,3,2,1
2022-03-17,6,9,6,1,2,8,2,2,6,7,13,22,5136,4512,4,1,0,1,3,2,0,0,0,3,7,7,0,3,853,3,0,3,2,1
2022-03-18,6,9,6,1,2,8,2,2,6,7,13,22,5401,4512,4,1,0,1,3,2,0,0,0,3,7,7,0,3,853,3,0,3,2,1
2022-03-19,6,9,6,1,2,8,2,2,6,7,13,22,5650,4512,4,1,0,1,5,2,0,0,0,3,7,7,0,3,853,3,0,3,2,1
2022-03-20,6,9,6,1,2,8,2,2,6,7,13,22,5896,4512,4,1,0,1,5,2,0,0,0,3,7,7,0,3,853,3,0,3,2,1
2022-03-21,6,9,6,1,2,8,2,2,6,7,13,22,6119,4512,4,1,0,1,5,2,0,0,0,3,7,7,0,3,853,3,0,3,2,1
2022-03-22,6,9,6,1,2,8,2,2,6,7,13,22,6364,4512,4,1,0,1,5,2,0,0,0,3,7,7,0,3,853,3,0,3,2,1
2022-03-23,6,9,6,1,2,8,2,2,6,7,13,22,6569,4512,4,1,0,1,5,2,0,0,0,3,7,7,0,3,853,3,0,3,2,1
2022-03-24,6,9,6,1,2,8,2,2,6,7,13,22,6770,4512,4,1,0,1,5,2,0,0,0,3,7,7,0,3,853,3,0,3,2,1
2022-03-25,6,9,6,1,2,8,2,2,6,7,13,22,6962,4512,4,1,0,1,5,2,0,0,0,3,7,7,0,3,853,3,0,3,2,1
2022-03-26,6,9,6,1,2,8,2,2,6,7,13,22,7101,4512,4,1,0,1,5,2,0,0,0,3,7,7,0,3,853,3,0,3,2,1
2022-03-27,6,9,6,1,2,8,2,2,6,7,13,22,7252,4512,4,1,0,1,5,2,0,0,0,3,7,7,0,3,853,3,0,3,2,1
2022-03-28,6,9,6,1,2,8,2,2,6,7,13,22,7420,4512,4,1,0,1,5,2,0,0,0,3,7,7,0,3,853,3,0,3,2,1
2022-03-29,6,9,6,1,2,8,2,2,6,7,13,22,7571,4512,4,1,0,1,5,2,0,0,0,3,7,7,0,3,853,3,0,3,2,1
2022-03-30,6,9,6,1,2,8,2,2,6,7,13,22,7706,4512,4,1,0,1,5,2,0,0,0,3,7,7,0,3,853,3,0,3,2,1
2022-03-31,6,9,6,1,2,8,2,2,6,7,13,22,7825,4512,4,1,0,1,5,2,0,0,0,3,7,7,0,3,853,3,0,3,2,1
2022-04-01,6,9,6,1,2,8,2,2,6,7,13,22,7945,4512,4,1,0,1,5,2,0,0,0,3,7,7,0,3,853,3,0,3,2,1
2022-04-02,6,9,6,1,2,8,2,2,6,7,13,22,8061,4512,4,1,0,1,5,2,0,0,0,3,7,7,0,3,853,3,0,3,2,1
2022-04-03,6,9,6,1,2,8,2,2,6,7,13,22,8172,4512,4,1,0,1,5,2,0,0,0,3,7,7,0,3,853,3,0,3,2,1
2022-04-04,6,9,6,1,2,8,2,2,6,7,13,22,8262,4512,4,1,0,1,5,2,0,0,0,3,7,7,0,3,853,3,0,3,2,1
2022-04-05,6,9,6,1,2,8,2,2,6,7,13,22,8349,4512,4,1,0,1,5,2,0,0,0,3,7,7,0,3,853,3,0,3,2,1
2022-04-06,6,9,6,1,2,8,2,2,6,7,13,22,8460,4512,4,1,0,1,5,2,0,0,0,3,7,7,0,3,853,3,0,3,2,1
2022-04-07,6,9,6,1,2,8,2,2,6,7,13,22,8557,4512,4,1,0,1,5,2,0,0,0,3,7,7,0,3,853,3,0,3,2,1
2022-04-08,6,9,6,1,2,8,2,2,6,7,13,22,8643,4512,4,1,0,1,5,2,0,0,0,3,7,7,0,3,853,3,0,3,2,1
2022-04-09,6,9,6,1,2,8,2,2,6,7,13,22,8705,4512,4,1,0,1,5,2,0,0,0,3,7,7,0,3,854,3,0,3,2,1
2022-04-10,6,9,6,1,2,8,2,2,6,7,13,22,8770,4512,4,1,0,1,5,2,0,0,0,3,7,7,0,3,854,3,0,3,2,1
2022-04-11,6,9,6,1,2,8,2,2,6,7,13,22,8827,4512,4,1,0,1,5,2,0,0,0,3,7,7,0,3,854,3,0,3,2,1
2022-04-12,6,9,6,1,2,8,2,2,6,7,13,22,8886,4512,4,1,0,1,5,2,0,0,0,3,7,7,0,3,854,3,0,3,2,1
2022-04-13,6,9,6,1,2,8,2,2,6,7,13,22,8948,4512,4,1,0,1,5,2,0,0,0,3,7,7,0,3,854,3,0,3,2,1
2022-04-14,6,9,6,1,2,8,2,2,6,7,13,22,9002,4512,4,1,0,1,5,2,0,0,0,3,7,7,0,3,854,3,0,3,2,1
2022-04-15,6,9,6,1,2,8,2,2,6,7,13,22,9069,4512,4,1,0,1,5,2,0,0,0,3,7,7,0,3,854,3,0,3,2,1
2022-04-16,6,9,6,1,2,8,2,2,6,7,13,22,9110,4512,4,1,0,1,5,2,0,0,0,3,7,7,0,3,854,3,0,3,2,1
2022-04-17,6,9,6,1,2,8,2,2,6,7,13,22,9139,4512,4,1,0,1,5,2,0,0,0,3,7,7,0,3,854,3,0,3,2,1
2022-04-18,6,9,6,1,2,8,2,2,6,7,13,22,9159,4512,4,1,0,1,5,2,0,0,0,3,7,17,0,3,854,3,0,3,2,1
2022-04-19,6,9,6,1,2,8,2,2,6,7,13,22,9176,4512,4,1,0,1,5,2,0,0,0,3,7,24,0,3,854,3,0,3,2,1
2022-04-20,6,9,6,1,2,8,2,2,6,7,13,22,9186,4512,4,1,0,1,5,2,0,0,0,3,7,24,0,3,856,3,0,3,2,1
2022-04-21,6,9,6,1,2,8,2,2,6,7,13,22,9212,4512,4,1,0,1,5,2,0,0,0,3,7,32,0,3,856,3,0,3,2,1
2022-04-22,6,9,6,1,2,8,2,2,6,7,13,22,9227,4512,4,1,0,1,5,2,0,0,0,3,7,43,0,3,856,3,0,3,2,1
2022-04-23,6,9,6,1,2,8,2,2,6,7,13,22,9236,4512,4,1,0,1,5,2,0,0,0,3,7,55,0,3,856,3,0,3,2,1
2022-04-24,6,9,6,1,2,8,2,2,6,7,13,22,9249,4512,4,1,0,1,5,2,0,0,0,3,7,94,0,3,856,3,0,3,2,1
2022-04-25,6,9,6,1,2,8,2,2,6,7,13,22,9267,4512,4,1,0,1,5,2,0,0,0,3,7,145,0,3,856,3,0,3,2,1
2022-04-26,6,9,6,1,2,8,2,2,6,7,13,22,9274,4512,4,1,0,1,5,2,0,0,0,3,7,197,0,3,856,3,0,3,2,1
2022-04-27,6,9,6,1,2,8,2,2,6,7,13,22,9282,4512,4,1,0,1,5,2,0,0,0,3,7,245,0,3,858,3,0,3,2,1
2022-04-28,6,9,6,1,2,8,2,2,6,7,13,22,9287,4512,4,1,0,1,5,2,0,0,0,3,7,292,0,3,860,3,0,3,2,1
2022-04-29,6,9,6,1,2,8,2,2,6,7,13,22,9298,4512,4,1,0,1,5,2,0,0,0,3,7,344,0,3,862,3,0,3,2,1
2022-04-30,6,9,6,1,2,8,2,2,6,7,13,22,9308,4512,4,1,0,1,5,2,0,0,0,3,7,391,0,3,865,3,0,3,2,1
2022-05-01,6,9,6,1,2,8,2,2,6,7,13,22,9313,4512,4,1,0,1,5,2,0,0,0,3,7,461,0,3,868,3,0,3,2,1
2022-05-02,6,9,6,1,2,8,2,2,6,7,13,22,9318,4512,4,1,0,1,5,2,0,0,0,3,7,481,0,3,868,3,0,3,2,1
2022-05-03,6,9,6,1,2,8,2,2,6,7,13,22,9325,4512,4,1,0,1,5,2,0,0,0,3,7,497,0,3,876,3,0,3,2,1
2022-05-04,6,9,6,1,2,8,2,2,6,7,13,22,9328,4512,4,1,0,1,5,2,0,0,0,3,7,510,0,3,881,3,0,3,2,1
2022-05-05,6,9,6,1,2,8,2,2,6,7,13,22,9333,4512,4,1,0,1,5,2,0,0,0,3,7,522,0,3,886,3,0,3,2,1
2022-05-06,6,9,6,1,2,8,2,2,6,7,13,22,9344,4512,4,1,0,1,5,2,0,0,0,3,7,535,0,3,896,3,0,3,2,1
2022-05-07,6,9,6,1,2,8,2,2,6,7,13,22,9344,4512,4,1,0,1,5,2,0,0,0,3,7,543,0,3,896,3,0,3,2,1
2022-05-08,6,9,6,1,2,8,2,2,6,7,13,22,9346,4512,4,1,0,1,5,2,0,0,0,3,7,554,0,3,896,3,0,3,2,1
2022-05-09,6,9,6,1,2,8,2,2,6,7,13,22,9347,4512,4,1,0,1,5,2,0,0,0,3,7,560,0,3,931,3,0,3,2,1
2022-05-10,6,9,6,1,2,8,2,2,6,7,13,22,9352,4512,4,1,0,1,5,2,0,0,0,3,7,567,0,3,943,3,0,3,2,1
2022-05-11,6,9,6,1,2,8,2,2,6,7,13,22,9355,4512,4,1,0,1,5,2,0,0,0,3,7,572,0,3,951,3,0,3,2,1
2022-05-12,6,9,6,1,2,8,2,2,6,7,13,22,9356,4512,4,1,0,1,5,2,0,0,0,3,7,574,0,3,968,3,0,3,2,1
2022-05-13,6,9,6,1,2,8,2,2,6,7,13,22,9359,4512,4,1,0,1,5,2,0,0,0,3,7,575,0,3,968,3,0,3,2,1
2022-05-14,6,9,6,1,2,8,2,2,6,7,13,22,9360,4512,4,1,0,1,5,2,0,0,0,3,7,578,0,3,1049,3,0,3,2,1
2022-05-15,6,9,6,1,2,8,2,2,6,7,13,22,9361,4512,4,1,0,1,5,2,0,0,0,3,7,582,0,3,1068,3,0,3,2,1
2022-05-16,6,9,6,1,2,8,2,2,6,7,13,22,9361,4512,4,1,0,1,5,2,0,0,0,3,7,583,0,3,1097,3,0,3,2,1
2022-05-17,6,9,6,1,2,8,2,2,6,7,13,22,9361,4512,4,1,0,1,5,2,0,0,0,3,7,586,0,3,1135,3,0,3,2,1
2022-05-18,6,9,6,1,2,8,2,2,6,7,13,22,9365,4512,4,1,0,1,5,2,0,0,0,3,7,587,0,3,1176,3,0,3,2,1
2022-05-19,6,9,6,1,2,8,2,2,6,7,13,22,9366,4512,4,1,0,1,5,2,0,0,0,3,7,587,0,3,1235,3,0,3,2,1
2022-05-20,6,9,6,1,2,8,2,2,6,7,13,22,9370,4512,4,1,0,1,5,2,0,0,0,3,7,588,0,3,1284,3,0,3,2,1
2022-05-21,6,9,6,1,2,8,2,2,6,7,13,22,9370,4512,4,1,0,1,5,2,0,0,0,3,7,591,0,3,1343,3,0,3,2,1
2022-05-22,6,9,6,1,2,8,2,2,6,7,13,22,9370,4512,4,1,0,1,5,2,0,0,0,3,7,592,0,3,1396,3,0,3,2,1
2022-05-23,6,9,6,1,2,8,2,2,6,7,13,22,9370,4512,4,1,0,1,5,2,0,0,0,3,7,593,0,3,1436,3,0,3,2,1
2022-05-24,6,9,6,1,2,8,2,2,6,7,13,22,9370,4512,4,1,0,1,5,2,0,0,0,3,7,593,0,3,1478,3,0,3,2,1
2022-05-25,6,9,6,1,2,8,2,2,6,7,13,22,9372,4512,4,1,0,1,5,2,0,0,0,3,7,594,0,3,1554,3,0,3,2,1
2022-05-26,6,9,6,1,2,8,2,2,6,7,13,22,9374,4512,4,1,0,1,5,2,0,0,0,3,7,595,0,3,1658,3,0,3,2,1
2022-05-27,6,9,6,1,2,8,2,2,6,7,13,22,9375,4512,4,1,0,1,5,2,0,0,0,3,7,595,0,3,1784,3,0,3,2,1
2022-05-28,6,9,6,1,2,8,2,2,6,7,13,22,9376,4512,4,1,0,1,5,2,0,0,0,3,7,595,0,3,1947,3,0,3,2,1
2022-05-29,6,9,6,1,2,8,2,2,6,7,13,22,9376,4512,4,1,0,1,5,2,0,0,0,3,7,595,0,3,2056,3,0,3,2,1
2022-05-30,6,9,6,1,2,8,2,2,6,7,13,22,9378,4512,4,1,0,1,5,2,0,0,0,3,7,595,0,3,2165,3,0,3,2,1
2022-05-31,6,9,6,1,2,8,2,2,6,7,13,22,9378,4512,4,1,0,1,5,2,0,0,0,3,7,595,0,3,2255,3,0,3,2,1
2022-06-01,6,9,6,1,2,8,2,2,6,7,13,22,9379,4512,4,1,0,1,5,2,0,0,0,3,7,595,0,3,2377,3,0,3,2,1
2022-06-02,6,9,6,1,2,8,2,2,6,7,13,22,9380,4512,4,1,0,1,5,2,0,0,0,3,7,595,0,3,2521,3,0,3,2,1
2022-06-03,6,9,6,1,2,8,2,2,6,7,13,22,9382,4512,4,1,0,1,5,2,0,0,0,3,7,595,0,3,2663,3,0,3,2,1
2022-06-04,6,9,6,1,2,8,2,2,6,7,13,22,9382,4512,4,1,0,1,5,2,0,0,0,3,7,595,0,3,2663,3,0,3,2,1
2022-06-05,6,9,6,1,2,8,2,2,6,7,13,22,9386,4512,4,1,0,1,5,2,0,0,0,3,7,595,0,3,2939,3,0,3,2,1
2022-06-06,6,9,6,1,2,8,2,2,6,7,13,22,9386,4512,4,1,0,1,5,2,0,0,0,3,7,595,0,3,3090,3,0,3,2,1
2022-06-07,6,9,6,1,2,8,2,2,6,7,13,22,9389,4512,4,1,0,1,5,2,0,0,0,3,7,595,0,3,3214,3,0,3,2,1
2022-06-08,6,9,6,1,2,8,2,2,6,7,13,22,9389,4512,4,1,0,1,5,2,0,0,0,3,7,595,0,3,3373,3,0,3,2,1
2022-06-09,6,9,6,1,2,8,2,2,6,7,13,22,9390,4512,4,1,0,1,5,2,0,0,0,3,7,595,0,3,3584,3,0,3,2,1
2022-06-10,6,9,6,1,2,8,2,2,6,7,13,22,9390,4512,4,1,0,1,5,2,0,0,0,3,7,595,0,3,3797,3,0,3,2,1
2022-06-11,6,9,6,1,2,8,2,2,6,7,13,22,9390,4512,4,1,0,1,5,2,0,0,0,3,7,595,0,3,4008,3,0,3,2,1
2022-06-12,6,9,6,1,2,8,2,2,6,7,13,22,9390,4512,4,1,0,1,5,2,0,0,0,3,7,595,0,3,4171,3,0,3,2,1
2022-06-13,6,9,6,1,2,8,2,2,6,7,13,22,9390,4512,4,1,0,1,5,2,0,0,0,3,7,595,0,3,4280,3,0,3,2,1
2022-06-14,6,9,6,1,2,8,2,2,6,7,13,22,9391,4512,4,1,0,1,5,2,0,0,0,3,7,595,0,3,4403,3,0,3,2,1
2022-06-15,6,9,6,1,2,8,2,2,6,7,13,22,9392,4512,4,1,0,1,5,2,0,0,0,3,7,595,0,3,4546,3,0,3,2,1
2022-06-16,6,9,6,1,2,8,2,2,6,7,13,22,9392,4512,4,1,0,1,5,2,0,0,0,3,7,595,0,3,4714,3,0,3,2,1
2022-06-17,6,9,6,1,2,8,2,2,6,7,13,22,9393,4512,4,1,0,1,5,2,0,0,0,3,7,595,0,3,4868,3,0,3,2,1
2022-06-18,6,9,6,1,2,8,2,2,6,7,13,22,9393,4512,4,1,0,1,5,2,0,0,0,3,7,595,0,3,5049,3,0,3,2,1
2022-06-19,6,9,6,1,2,8,2,2,6,7,13,22,9395,4512,4,1,0,1,5,2,0,0,0,3,7,595,0,3,5221,3,0,3,2,1
2022-06-20,6,9,6,1,2,8,2,2,6,7,13,22,9396,4512,4,1,0,1,5,2,0,0,0,3,7,595,0,3,5365,3,0,3,2,1
2022-06-21,6,9,6,1,2,8,2,2,6,7,13,22,9396,4512,4,1,0,1,5,2,0,0,0,3,7,595,0,3,5480,3,0,3,2,1
2022-06-22,6,9,6,1,2,8,2,2,6,7,13,22,9397,4512,4,1,0,1,5,2,0,0,0,3,7,595,0,3,5651,3,0,3,2,1
2022-06-23,6,9,6,1,2,8,2,2,6,7,13,22,9398,4512,4,1,0,1,5,2,0,0,0,3,7,595,0,3,5817,3,0,3,2,1
2022-06-24,6,9,6,1,2,8,2,2,6,7,13,22,9398,4512,4,1,0,1,5,2,0,0,0,3,7,595,0,3,5969,3,0,3,2,1
2022-06-25,6,9,6,1,2,8,2,2,6,7,13,22,9398,4512,4,1,0,1,5,2,0,0,0,3,7,595,0,3,6120,3,0,3,2,1
2022-06-26,6,9,6,1,2,8,2,2,6,7,13,22,9398,4512,4,1,0,1,5,2,0,0,0,3,7,595,0,3,6254,3,0,3,2,1
2022-06-27,6,9,6,1,2,8,2,2,6,7,13,22,9398,4512,4,1,0,1,5,2,0,0,0,3,7,595,0,3,6345,3,0,3,2,1
2022-06-28,6,9,6,1,2,8,2,2,6,7,13,22,9399,4512,4,1,0,1,5,2,0,0,0,3,7,595,0,3,6448,3,0,3,2,1
2022-06-29,6,9,6,1,2,8,2,2,6,7,13,22,9399,4512,4,1,0,1,5,2,0,0,0,3,7,595,0,3,6533,3,0,3,2,1
2022-06-30,6,9,6,1,2,8,2,2,6,7,13,22,9401,4512,4,1,0,1,5,2,0,0,0,3,7,595,0,3,6651,3,0,3,2,1
2022-07-01,6,9,6,1,2,8,2,2,6,7,13,22,9402,4512,4,1,0,1,5,2,0,0,0,3,7,595,0,3,6772,3,0,3,2,1
2022-07-02,6,9,6,1,2,8,2,2,6,7,13,22,9405,4512,4,1,0,1,5,2,0,0,0,3,7,595,0,3,6868,3,0,3,2,1
2022-07-03,6,9,6,1,2,8,2,2,6,7,13,22,9405,4512,4,1,0,1,5,2,2,0,0,3,7,595,0,3,6956,3,0,3,2,1
2022-07-04,6,9,6,1,2,8,2,2,6,7,13,22,9405,4512,4,1,0,1,5,2,2,0,0,3,7,595,0,3,7025,3,0,3,2,1
2022-07-05,6,9,6,1,2,8,2,2,6,7,13,22,9405,4512,4,1,0,1,5,2,2,0,0,3,7,595,0,3,7128,3,0,3,2,1
2022-07-06,6,9,6,1,2,8,2,2,6,7,13,22,9406,4512,4,1,0,1,5,2,2,0,0,3,7,595,0,3,7223,3,0,3,2,1
2022-07-07,6,9,6,1,2,8,2,2,6,7,13,22,9407,4512,4,1,0,1,5,2,2,0,0,3,7,595,0,3,7328,3,0,3,2,1
2022-07-08,6,9,6,1,2,8,2,2,6,7,13,22,9410,4512,4,1,0,1,5,2,2,0,0,3,7,595,0,3,7459,3,0,3,2,1
2022-07-09,6,9,6,1,2,8,2,2,6,7,13,22,9410,4512,4,1,0,1,5,2,2,0,0,3,7,595,0,3,7553,3,0,3,2,1
2022-07-10,6,9,6,1,2,8,2,2,6,7,13,22,9412,4512,4,1,0,1,5,2,2,0,0,3,7,595,0,3,7624,3,0,3,2,1
2022-07-11,6,9,6,1,2,8,2,2,6,7,13,22,9419,4512,4,1,0,1,5,2,2,0,0,3,7,595,0,3,7720,3,0,3,2,1
2022-07-12,6,9,6,1,2,8,2,2,6,7,13,22,9420,4512,4,1,0,1,5,2,3,0,0,3,7,595,0,3,7780,3,0,3,2,1
2022-07-13,6,9,6,1,2,8,2,2,6,7,13,22,9422,4512,4,1,0,1,5,2,3,0,0,3,7,595,0,3,7829,3,0,3,2,1
2022-07-14,6,9,6,1,2,8,2,2,6,7,13,22,9427,4512,4,1,0,1,5,2,5,0,0,3,7,595,0,3,7917,3,0,3,2,1
2022-07-15,6,9,6,1,2,8,2,2,6,7,13,22,9432,4512,4,1,0,1,5,2,5,0,0,3,7,595,0,3,8031,3,0,3,2,1
2022-07-16,6,9,6,1,2,8,2,2,6,7,13,22,9433,4512,4,1,0,1,5,2,5,0,0,3,7,595,0,3,8103,3,0,3,2,1
2022-07-17,6,9,6,1,2,8,2,2,6,7,13,22,9437,4512,4,1,0,1,5,2,5,0,0,3,7,595,0,3,8176,3,0,3,2,1
2022-07-18,6,9,6,1,2,8,2,2,6,7,13,22,9440,4512,4,1,0,1,5,2,5,0,0,3,7,595,0,3,8224,3,0,3,2,1
2022-07-19,6,9,6,1,2,8,2,2,6,7,13,22,9444,4512,4,1,0,1,5,2,5,0,0,3,7,595,0,3,8261,3,0,3,2,1
2022-07-20,6,9,6,1,2,8,2,2,6,7,13,22,9445,4512,4,1,0,1,5,2,5,0,0,3,7,595,0,3,8318,3,0,3,2,1
2022-07-21,6,9,6,1,2,8,2,2,6,7,13,22,9448,4512,4,1,0,1,5,2,6,0,0,3,7,595,0,3,8392,3,0,3,2,1
2022-07-22,6,9,6,1,2,8,2,2,6,7,13,22,9454,4512,4,1,0,1,5,2,6,0,0,3,7,595,0,3,8478,3,0,3,2,1
2022-07-23,6,9,6,1,2,8,2,2,6,7,13,22,9461,4512,4,1,0,1,5,2,6,0,0,3,7,595,0,3,8531,3,0,3,2,1
2022-07-24,6,9,6,1,2,8,2,2,6,7,13,22,9469,4512,4,1,0,1,5,2,6,0,0,3,7,595,0,3,8596,3,0,3,2,1
2022-07-25,6,9,6,1,2,8,2,2,6,7,13,22,9472,4512,4,1,0,1,5,2,6,0,0,3,7,595,0,3,8649,3,0,3,2,1
2022-07-26,6,9,6,1,2,8,2,2,6,7,13,22,9478,4512,4,1,0,1,5,2,6,0,0,3,7,595,0,3,8686,3,0,3,2,1
2022-07-27,6,9,6,1,2,8,2,2,6,7,13,22,9488,4512,4,1,0,1,5,2,6,0,0,3,7,595,0,3,8714,3,0,3,2,1
2022-07-28,6,9,6,1,2,8,2,2,6,7,13,22,9493,4512,4,1,0,1,5,2,6,0,0,3,7,595,0,3,8776,3,0,3,2,1
2022-07-29,6,9,6,1,2,8,2,2,6,7,13,22,9498,4512,4,1,0,1,5,2,6,0,0,3,7,595,0,3,8833,3,0,3,2,1
2022-07-30,6,9,6,1,2,8,2,2,6,7,13,22,9502,4512,4,1,0,1,5,2,6,0,0,3,7,595,0,3,8893,3,0,3,2,1
2022-07-31,6,9,6,1,2,8,2,2,6,7,13,22,9503,4512,4,1,0,1,5,2,6,0,0,3,7,595,0,3,8927,3,0,3,2,1
2022-08-01,6,9,6,1,2,8,2,2,6,7,13,22,9509,4512,4,1,0,1,5,2,6,0,0,3,7,595,0,3,8963,3,0,3,2,1
2022-08-02,6,9,6,1,2,8,2,2,6,7,13,22,9520,4512,4,1,0,1,5,2,6,0,0,3,7,595,0,3,8994,3,0,3,2,1
2022-08-03,6,9,6,1,2,8,2,2,6,7,13,22,9524,4512,4,1,0,1,5,2,6,0,0,3,7,595,0,3,9026,3,0,3,2,1
2022-08-04,6,9,6,1,2,8,2,2,6,7,13,22,9527,4512,4,1,0,1,5,2,6,0,0,3,7,595,0,3,9082,3,0,3,2,1
2022-08-05,6,9,6,1,2,8,2,2,6,7,13,22,9531,4512,4,1,0,1,5,2,6,0,0,3,7,595,0,3,9136,3,0,3,2,1
2022-08-06,6,9,6,1,2,8,2,2,6,7,13,22,9535,4512,4,1,0,1,5,2,6,0,0,3,7,595,0,3,9187,3,0,3,2,1
